url,status,indexability,title,title_length,description,description_length,h1_count,h1,canonical,hreflang,og_url,og_title,og_image,issues
https://www.mattheosselections.com/sv,200,indexable,"Mattheos Selections — Grekisk råhonung, olivolja & naturliga presenter",70,Vi söker upp enastående naturprodukter från små familjeproducenter som bevarar traditionella metoder och arbetar i harmoni med naturen.,135,1,"Honung, så som Grekland alltid har gjort den.",https://www.mattheosselections.com/sv,en=https://www.mattheosselections.com/en | sv=https://www.mattheosselections.com/sv | el=https://www.mattheosselections.com/el | x-default=https://www.mattheosselections.com/en,https://www.mattheosselections.com/sv,"Mattheos Selections — Grekisk råhonung, olivolja & naturliga presenter","https://res.cloudinary.com/dbrxbvovs/image/upload/c_fill,g_auto,w_1200,h_630,q_auto,f_jpg/v1789980790/ecommerce/site/producers/hives-mountain-road.jpg",
https://www.mattheosselections.com/en,200,indexable,"Mattheos Selections — Raw Greek Honey, Olive Oil & Natural Gifts",64,We seek out remarkable natural products from small family producers who preserve traditional methods and work in harmony with nature.,133,1,"Honey, the way Greece has always made it.",https://www.mattheosselections.com/en,en=https://www.mattheosselections.com/en | sv=https://www.mattheosselections.com/sv | el=https://www.mattheosselections.com/el | x-default=https://www.mattheosselections.com/en,https://www.mattheosselections.com/en,"Mattheos Selections — Raw Greek Honey, Olive Oil & Natural Gifts","https://res.cloudinary.com/dbrxbvovs/image/upload/c_fill,g_auto,w_1200,h_630,q_auto,f_jpg/v1789980790/ecommerce/site/producers/hives-mountain-road.jpg",
https://www.mattheosselections.com/el,200,indexable,"Mattheos Selections — Ακατέργαστο ελληνικό μέλι, ελαιόλαδο & φυσικά δώρα",72,Αναζητούμε ξεχωριστά φυσικά προϊόντα από μικρούς οικογενειακούς παραγωγούς που διατηρούν τις παραδοσιακές μεθόδους και εργάζονται σε αρμονία με τη φύση.,152,1,"Μέλι, όπως η Ελλάδα το φτιάχνει ανέκαθεν.",https://www.mattheosselections.com/el,en=https://www.mattheosselections.com/en | sv=https://www.mattheosselections.com/sv | el=https://www.mattheosselections.com/el | x-default=https://www.mattheosselections.com/en,https://www.mattheosselections.com/el,"Mattheos Selections — Ακατέργαστο ελληνικό μέλι, ελαιόλαδο & φυσικά δώρα","https://res.cloudinary.com/dbrxbvovs/image/upload/c_fill,g_auto,w_1200,h_630,q_auto,f_jpg/v1789980790/ecommerce/site/producers/hives-mountain-road.jpg",
https://www.mattheosselections.com/sv/about,200,indexable,Om oss — Mattheos Selections,28,"Möt Mattheos Selections: äkta, naturliga produkter från små grekiska producenter, som vi delar med Skandinavien.",112,1,Med rötter i Grekland. Hemma i Sverige.,https://www.mattheosselections.com/sv/about,en=https://www.mattheosselections.com/en/about | sv=https://www.mattheosselections.com/sv/about | el=https://www.mattheosselections.com/el/about | x-default=https://www.mattheosselections.com/en/about,https://www.mattheosselections.com/sv/about,Om oss — Mattheos Selections,"https://res.cloudinary.com/dbrxbvovs/image/upload/c_fill,g_auto,w_1200,h_630,q_auto,f_jpg/v1789980790/ecommerce/site/producers/hives-mountain-road.jpg",
https://www.mattheosselections.com/sv/shop/honungsskapelser,200,indexable,Honungsskapelser — Mattheos Selections,38,"Honung blandad eller kombinerad med andra ingredienser, såsom honung med gurkmeja och ingefära, honung med guld och liknande produkter.",135,1,Honungsskapelser,https://www.mattheosselections.com/sv/shop/honungsskapelser,en=https://www.mattheosselections.com/en/shop/honungsskapelser | sv=https://www.mattheosselections.com/sv/shop/honungsskapelser | el=https://www.mattheosselections.com/el/shop/honungsskapelser | x-default=https://www.mattheosselections.com/en/shop/honungsskapelser,https://www.mattheosselections.com/sv/shop/honungsskapelser,Honungsskapelser — Mattheos Selections,"https://res.cloudinary.com/dbrxbvovs/image/upload/c_pad,b_white,w_1200,h_630,f_jpg,q_auto/v1789744570/ecommerce/categories/vr6d6g8cqfzlmzdshb9c.jpg",
https://www.mattheosselections.com/sv/shop/biprodukter,200,indexable,Biprodukter — Mattheos Selections,33,Propolis och andra biprodukter som vi kan komma att lägga till i framtiden.,75,1,Biprodukter,https://www.mattheosselections.com/sv/shop/biprodukter,en=https://www.mattheosselections.com/en/shop/biprodukter | sv=https://www.mattheosselections.com/sv/shop/biprodukter | el=https://www.mattheosselections.com/el/shop/biprodukter | x-default=https://www.mattheosselections.com/en/shop/biprodukter,https://www.mattheosselections.com/sv/shop/biprodukter,Biprodukter — Mattheos Selections,"https://res.cloudinary.com/dbrxbvovs/image/upload/c_pad,b_white,w_1200,h_630,f_jpg,q_auto/v1789744617/ecommerce/categories/whzarllhnn3fgw8hudt5.jpg",
https://www.mattheosselections.com/sv/contact,200,indexable,Kontakta oss — Mattheos Selections,34,"Frågor om en beställning, en produkt eller företagsgåvor? Mejla oss – vi svarar inom 24 timmar.",95,1,Vi vill gärna höra från dig,https://www.mattheosselections.com/sv/contact,en=https://www.mattheosselections.com/en/contact | sv=https://www.mattheosselections.com/sv/contact | el=https://www.mattheosselections.com/el/contact | x-default=https://www.mattheosselections.com/en/contact,https://www.mattheosselections.com/sv/contact,Kontakta oss — Mattheos Selections,"https://res.cloudinary.com/dbrxbvovs/image/upload/c_fill,g_auto,w_1200,h_630,q_auto,f_jpg/v1789980790/ecommerce/site/producers/hives-mountain-road.jpg",
https://www.mattheosselections.com/sv/product/jordgubbstrad-honung,200,indexable,Honung från smultronträd — Mattheos Selections,46,"Honung från jordgubbsträd är verkligt sällsynt, och för dem som upptäcker den blir den ofta en passion. Vår honung från jordgubbsträd (250 g) produceras av bin…",160,1,Honung från smultronträd,https://www.mattheosselections.com/sv/product/jordgubbstrad-honung,en=https://www.mattheosselections.com/en/product/jordgubbstrad-honung | sv=https://www.mattheosselections.com/sv/product/jordgubbstrad-honung | el=https://www.mattheosselections.com/el/product/jordgubbstrad-honung | x-default=https://www.mattheosselections.com/en/product/jordgubbstrad-honung,https://www.mattheosselections.com/sv/product/jordgubbstrad-honung,Honung från smultronträd — Mattheos Selections,"https://res.cloudinary.com/dbrxbvovs/image/upload/c_pad,b_white,w_1200,h_630,f_jpg,q_auto/v1789773289/ecommerce/products/wc-2697-jordgubb250g0367.jpg",
https://www.mattheosselections.com/sv/product/propolis,200,indexable,Naturligt propolisextrakt — Mattheos Selections,47,Vårt naturliga propolisextrakt (50 ml) kommer direkt från den orörda Olympus-regionen i Grekland och är en av naturens mest fantastiska gåvor – ett rent och…,157,1,Naturligt propolisextrakt,https://www.mattheosselections.com/sv/product/propolis,en=https://www.mattheosselections.com/en/product/propolis | sv=https://www.mattheosselections.com/sv/product/propolis | el=https://www.mattheosselections.com/el/product/propolis | x-default=https://www.mattheosselections.com/en/product/propolis,https://www.mattheosselections.com/sv/product/propolis,Naturligt propolisextrakt — Mattheos Selections,"https://res.cloudinary.com/dbrxbvovs/image/upload/c_pad,b_white,w_1200,h_630,f_jpg,q_auto/v1789773291/ecommerce/products/wc-2716-propolis-0760.jpg",
https://www.mattheosselections.com/sv/product/naturbox-honung-och-propolis-mattheos-selections,200,indexable,Naturbox presentförpackning med honung och propolis — Mattheos Selections,73,Ge bort en gåva från naturen fylld av äkta omtanke. Presentförpackningen Naturbox Honey & Propolis är ett omsorgsfullt sammansatt set som förenar tre av våra…,158,1,Naturbox presentförpackning med honung och propolis,https://www.mattheosselections.com/sv/product/naturbox-honung-och-propolis-mattheos-selections,en=https://www.mattheosselections.com/en/product/naturbox-honung-och-propolis-mattheos-selections | sv=https://www.mattheosselections.com/sv/product/naturbox-honung-och-propolis-mattheos-selections | el=https://www.mattheosselections.com/el/product/naturbox-honung-och-propolis-mattheos-selections | x-default=https://www.mattheosselections.com/en/product/naturbox-honung-och-propolis-mattheos-selections,https://www.mattheosselections.com/sv/product/naturbox-honung-och-propolis-mattheos-selections,Naturbox presentförpackning med honung och propolis — Mattheos Selections,"https://res.cloudinary.com/dbrxbvovs/image/upload/c_pad,b_white,w_1200,h_630,f_jpg,q_auto/v1789773298/ecommerce/products/wc-2717-honung-och-propolis-0747.jpg",
https://www.mattheosselections.com/sv/product/honung-med-gurkmeja-och-ingefara,200,indexable,Honung med gurkmeja och ingefära — Mattheos Selections,54,"Upptäck en av naturens mest kraftfulla kombinationer: vår honung med gurkmeja och ingefära (200 g) – en exklusiv blandning av superlivsmedel, framtagen för…",156,1,Honung med gurkmeja och ingefära,https://www.mattheosselections.com/sv/product/honung-med-gurkmeja-och-ingefara,en=https://www.mattheosselections.com/en/product/honung-med-gurkmeja-och-ingefara | sv=https://www.mattheosselections.com/sv/product/honung-med-gurkmeja-och-ingefara | el=https://www.mattheosselections.com/el/product/honung-med-gurkmeja-och-ingefara | x-default=https://www.mattheosselections.com/en/product/honung-med-gurkmeja-och-ingefara,https://www.mattheosselections.com/sv/product/honung-med-gurkmeja-och-ingefara,Honung med gurkmeja och ingefära — Mattheos Selections,"https://res.cloudinary.com/dbrxbvovs/image/upload/c_pad,b_white,w_1200,h_630,f_jpg,q_auto/v1789773290/ecommerce/products/wc-2706-gurkmeja-inefara-0719.jpg",
https://www.mattheosselections.com/sv/product/naturbox-ek-timjan-tallhonung,200,indexable,"Naturbox: Honung med smak av ek, timjan och tall — Mattheos Selections",70,"Om du någonsin har undrat hur Grekland smakar, är detta så nära du kan komma på burk. Kollektionen med honung från ek, timjan och tall från Naturbox samlar tre…",160,1,"Naturbox: Honung med smak av ek, timjan och tall",https://www.mattheosselections.com/sv/product/naturbox-ek-timjan-tallhonung,en=https://www.mattheosselections.com/en/product/naturbox-ek-timjan-tallhonung | sv=https://www.mattheosselections.com/sv/product/naturbox-ek-timjan-tallhonung | el=https://www.mattheosselections.com/el/product/naturbox-ek-timjan-tallhonung | x-default=https://www.mattheosselections.com/en/product/naturbox-ek-timjan-tallhonung,https://www.mattheosselections.com/sv/product/naturbox-ek-timjan-tallhonung,"Naturbox: Honung med smak av ek, timjan och tall — Mattheos Selections","https://res.cloudinary.com/dbrxbvovs/image/upload/c_pad,b_white,w_1200,h_630,f_jpg,q_auto/v1789773288/ecommerce/products/wc-2707-ek-timjan-tall-0667.jpg",
https://www.mattheosselections.com/sv/product/jungfru-olivolja-extra-virgin-olive-oil,200,indexable,Extra jungfruolivolja — Mattheos Selections,43,"Upplev den äkta essensen av medelhavstradition med vår Extra Virgin-olivolja (500 ml) – en förstklassig, kallpressad olivolja framställd av noggrant utvalda,…",158,1,Extra jungfruolivolja,https://www.mattheosselections.com/sv/product/jungfru-olivolja-extra-virgin-olive-oil,en=https://www.mattheosselections.com/en/product/jungfru-olivolja-extra-virgin-olive-oil | sv=https://www.mattheosselections.com/sv/product/jungfru-olivolja-extra-virgin-olive-oil | el=https://www.mattheosselections.com/el/product/jungfru-olivolja-extra-virgin-olive-oil | x-default=https://www.mattheosselections.com/en/product/jungfru-olivolja-extra-virgin-olive-oil,https://www.mattheosselections.com/sv/product/jungfru-olivolja-extra-virgin-olive-oil,Extra jungfruolivolja — Mattheos Selections,"https://res.cloudinary.com/dbrxbvovs/image/upload/c_pad,b_white,w_1200,h_630,f_jpg,q_auto/v1789773285/ecommerce/products/wc-2720-oliv0499.jpg",
https://www.mattheosselections.com/sv/product/honung-med-guld,200,indexable,Honung med ätbart guld — Mattheos Selections,44,"Vissa saker är värda att unna sig. Detta är definitivt en av dem. Vår honung med ätbart guld är en ren grekisk honung från Olympens legendariska sluttningar,…",158,1,Honung med ätbart guld,https://www.mattheosselections.com/sv/product/honung-med-guld,en=https://www.mattheosselections.com/en/product/honung-med-guld | sv=https://www.mattheosselections.com/sv/product/honung-med-guld | el=https://www.mattheosselections.com/el/product/honung-med-guld | x-default=https://www.mattheosselections.com/en/product/honung-med-guld,https://www.mattheosselections.com/sv/product/honung-med-guld,Honung med ätbart guld — Mattheos Selections,"https://res.cloudinary.com/dbrxbvovs/image/upload/c_pad,b_white,w_1200,h_630,f_jpg,q_auto/v1789773283/ecommerce/products/wc-2696-gold250g0374.jpg",
https://www.mattheosselections.com/sv/product/bivaxkram,200,indexable,Bivaxkräm — Mattheos Selections,31,Beeswax Cream är en vårdande och återfuktande hudvårdsprodukt med naturliga egenskaper. Den är tillverkad av rent bivax i kombination med vårdande oljor och…,157,1,Bivaxkräm,https://www.mattheosselections.com/sv/product/bivaxkram,en=https://www.mattheosselections.com/en/product/bivaxkram | sv=https://www.mattheosselections.com/sv/product/bivaxkram | el=https://www.mattheosselections.com/el/product/bivaxkram | x-default=https://www.mattheosselections.com/en/product/bivaxkram,https://www.mattheosselections.com/sv/product/bivaxkram,Bivaxkräm — Mattheos Selections,"https://res.cloudinary.com/dbrxbvovs/image/upload/c_pad,b_white,w_1200,h_630,f_jpg,q_auto/v1789773280/ecommerce/products/wc-2718-bivaxkram-0413.jpg",
https://www.mattheosselections.com/sv/terms-and-conditions,200,indexable,Allmänna villkor — Mattheos Selections,38,"Försäljningsvillkor för Mattheos Selections: beställningar, moms, frakt, betalning, returer och klagomål.",105,1,Allmänna försäljningsvillkor,https://www.mattheosselections.com/sv/terms-and-conditions,en=https://www.mattheosselections.com/en/terms-and-conditions | sv=https://www.mattheosselections.com/sv/terms-and-conditions | el=https://www.mattheosselections.com/el/terms-and-conditions | x-default=https://www.mattheosselections.com/en/terms-and-conditions,https://www.mattheosselections.com/sv/terms-and-conditions,Allmänna villkor — Mattheos Selections,"https://res.cloudinary.com/dbrxbvovs/image/upload/c_fill,g_auto,w_1200,h_630,q_auto,f_jpg/v1789980790/ecommerce/site/producers/hives-mountain-road.jpg",
https://www.mattheosselections.com/sv/privacy-policy,200,indexable,Integritetspolicy — Mattheos Selections,39,"Hur Mattheos Selections (Pasver AB) samlar in, använder och skyddar dina personuppgifter, och vilka rättigheter du har enligt GDPR.",131,1,Integritetspolicy,https://www.mattheosselections.com/sv/privacy-policy,en=https://www.mattheosselections.com/en/privacy-policy | sv=https://www.mattheosselections.com/sv/privacy-policy | el=https://www.mattheosselections.com/el/privacy-policy | x-default=https://www.mattheosselections.com/en/privacy-policy,https://www.mattheosselections.com/sv/privacy-policy,Integritetspolicy — Mattheos Selections,"https://res.cloudinary.com/dbrxbvovs/image/upload/c_fill,g_auto,w_1200,h_630,q_auto,f_jpg/v1789980790/ecommerce/site/producers/hives-mountain-road.jpg",
https://www.mattheosselections.com/en/about,200,indexable,About Us — Mattheos Selections,30,"Meet Mattheos Selections: authentic, naturally sourced products from small Greek producers, shared with Scandinavia.",116,1,Rooted in Greece. Shared with Sweden.,https://www.mattheosselections.com/en/about,en=https://www.mattheosselections.com/en/about | sv=https://www.mattheosselections.com/sv/about | el=https://www.mattheosselections.com/el/about | x-default=https://www.mattheosselections.com/en/about,https://www.mattheosselections.com/en/about,About Us — Mattheos Selections,"https://res.cloudinary.com/dbrxbvovs/image/upload/c_fill,g_auto,w_1200,h_630,q_auto,f_jpg/v1789980790/ecommerce/site/producers/hives-mountain-road.jpg",
https://www.mattheosselections.com/sv/shop,200,indexable,Butik — Mattheos Selections,27,"Upptäck vårt urval av grekisk råhonung, honungskreationer och naturprodukter från små producenter i hela Grekland.",114,1,Alla produkter,https://www.mattheosselections.com/sv/shop,en=https://www.mattheosselections.com/en/shop | sv=https://www.mattheosselections.com/sv/shop | el=https://www.mattheosselections.com/el/shop | x-default=https://www.mattheosselections.com/en/shop,https://www.mattheosselections.com/sv/shop,Butik — Mattheos Selections,"https://res.cloudinary.com/dbrxbvovs/image/upload/c_fill,g_auto,w_1200,h_630,q_auto,f_jpg/v1789980790/ecommerce/site/producers/hives-mountain-road.jpg",
https://www.mattheosselections.com/sv/shop/ra-honung,200,indexable,Rå honung — Mattheos Selections,31,"Alla sorter av ren, rå honung, såsom honung från gran, timjan, ek samt andra sorter med ursprung i en enskild växtart eller ren honung.",135,1,Rå honung,https://www.mattheosselections.com/sv/shop/ra-honung,en=https://www.mattheosselections.com/en/shop/ra-honung | sv=https://www.mattheosselections.com/sv/shop/ra-honung | el=https://www.mattheosselections.com/el/shop/ra-honung | x-default=https://www.mattheosselections.com/en/shop/ra-honung,https://www.mattheosselections.com/sv/shop/ra-honung,Rå honung — Mattheos Selections,"https://res.cloudinary.com/dbrxbvovs/image/upload/c_pad,b_white,w_1200,h_630,f_jpg,q_auto/v1789744390/ecommerce/categories/iuujk6vi5ikso9opd2zp.jpg",
https://www.mattheosselections.com/en/shop/biprodukter,200,indexable,Bee Products — Mattheos Selections,34,Propolis and other bee derived products we may add in the future.,65,1,Bee Products,https://www.mattheosselections.com/en/shop/biprodukter,en=https://www.mattheosselections.com/en/shop/biprodukter | sv=https://www.mattheosselections.com/sv/shop/biprodukter | el=https://www.mattheosselections.com/el/shop/biprodukter | x-default=https://www.mattheosselections.com/en/shop/biprodukter,https://www.mattheosselections.com/en/shop/biprodukter,Bee Products — Mattheos Selections,"https://res.cloudinary.com/dbrxbvovs/image/upload/c_pad,b_white,w_1200,h_630,f_jpg,q_auto/v1789744617/ecommerce/categories/whzarllhnn3fgw8hudt5.jpg",
https://www.mattheosselections.com/en/shop/honungsskapelser,200,indexable,Honey Creations — Mattheos Selections,37,"Honey blended or combined with other ingredients, such as honey with turmeric and ginger, honey with gold, and similar products.",128,1,Honey Creations,https://www.mattheosselections.com/en/shop/honungsskapelser,en=https://www.mattheosselections.com/en/shop/honungsskapelser | sv=https://www.mattheosselections.com/sv/shop/honungsskapelser | el=https://www.mattheosselections.com/el/shop/honungsskapelser | x-default=https://www.mattheosselections.com/en/shop/honungsskapelser,https://www.mattheosselections.com/en/shop/honungsskapelser,Honey Creations — Mattheos Selections,"https://res.cloudinary.com/dbrxbvovs/image/upload/c_pad,b_white,w_1200,h_630,f_jpg,q_auto/v1789744570/ecommerce/categories/vr6d6g8cqfzlmzdshb9c.jpg",
https://www.mattheosselections.com/sv/shop/naturliga-specialiteter,200,indexable,Naturliga specialiteter — Mattheos Selections,45,"Utvalda naturprodukter som inte tillhör kategorierna för honung, däribland kaffegrädde och olivolja.",100,1,Naturliga specialiteter,https://www.mattheosselections.com/sv/shop/naturliga-specialiteter,en=https://www.mattheosselections.com/en/shop/naturliga-specialiteter | sv=https://www.mattheosselections.com/sv/shop/naturliga-specialiteter | el=https://www.mattheosselections.com/el/shop/naturliga-specialiteter | x-default=https://www.mattheosselections.com/en/shop/naturliga-specialiteter,https://www.mattheosselections.com/sv/shop/naturliga-specialiteter,Naturliga specialiteter — Mattheos Selections,"https://res.cloudinary.com/dbrxbvovs/image/upload/c_pad,b_white,w_1200,h_630,f_jpg,q_auto/v1789744649/ecommerce/categories/hayu9lxig1y5hvewxt2k.jpg",
https://www.mattheosselections.com/en/contact,200,indexable,Contact Us — Mattheos Selections,32,"Questions about an order, a product or corporate gifts? Email us — we reply within 24 hours.",92,1,We would love to hear from you,https://www.mattheosselections.com/en/contact,en=https://www.mattheosselections.com/en/contact | sv=https://www.mattheosselections.com/sv/contact | el=https://www.mattheosselections.com/el/contact | x-default=https://www.mattheosselections.com/en/contact,https://www.mattheosselections.com/en/contact,Contact Us — Mattheos Selections,"https://res.cloudinary.com/dbrxbvovs/image/upload/c_fill,g_auto,w_1200,h_630,q_auto,f_jpg/v1789980790/ecommerce/site/producers/hives-mountain-road.jpg",
https://www.mattheosselections.com/en/product/jordgubbstrad-honung,200,indexable,Strawberry Tree Honey — Mattheos Selections,43,"Strawberry tree honey is genuinely rare, and for those who discover it, it tends to become an obsession. Our 250g Strawberry Tree Honey is produced by bees…",156,1,Strawberry Tree Honey,https://www.mattheosselections.com/en/product/jordgubbstrad-honung,en=https://www.mattheosselections.com/en/product/jordgubbstrad-honung | sv=https://www.mattheosselections.com/sv/product/jordgubbstrad-honung | el=https://www.mattheosselections.com/el/product/jordgubbstrad-honung | x-default=https://www.mattheosselections.com/en/product/jordgubbstrad-honung,https://www.mattheosselections.com/en/product/jordgubbstrad-honung,Strawberry Tree Honey — Mattheos Selections,"https://res.cloudinary.com/dbrxbvovs/image/upload/c_pad,b_white,w_1200,h_630,f_jpg,q_auto/v1789773289/ecommerce/products/wc-2697-jordgubb250g0367.jpg",
https://www.mattheosselections.com/en/product/naturbox-honung-och-propolis-mattheos-selections,200,indexable,Naturbox Honey & Propolis Gift Set — Mattheos Selections,56,Give the gift of nature and genuine goodness. The Naturbox Honey & Propolis Gift Set is a beautifully curated collection that brings together three of our…,155,1,Naturbox Honey & Propolis Gift Set,https://www.mattheosselections.com/en/product/naturbox-honung-och-propolis-mattheos-selections,en=https://www.mattheosselections.com/en/product/naturbox-honung-och-propolis-mattheos-selections | sv=https://www.mattheosselections.com/sv/product/naturbox-honung-och-propolis-mattheos-selections | el=https://www.mattheosselections.com/el/product/naturbox-honung-och-propolis-mattheos-selections | x-default=https://www.mattheosselections.com/en/product/naturbox-honung-och-propolis-mattheos-selections,https://www.mattheosselections.com/en/product/naturbox-honung-och-propolis-mattheos-selections,Naturbox Honey & Propolis Gift Set — Mattheos Selections,"https://res.cloudinary.com/dbrxbvovs/image/upload/c_pad,b_white,w_1200,h_630,f_jpg,q_auto/v1789773298/ecommerce/products/wc-2717-honung-och-propolis-0747.jpg",
https://www.mattheosselections.com/en/product/propolis,200,indexable,Natural Propolis Extract — Mattheos Selections,46,"Straight from the pristine Olympus region of Greece, our Natural Propolis Extract 50ml is one of nature's most remarkable gifts a pure, potent bee-derived…",155,1,Natural Propolis Extract,https://www.mattheosselections.com/en/product/propolis,en=https://www.mattheosselections.com/en/product/propolis | sv=https://www.mattheosselections.com/sv/product/propolis | el=https://www.mattheosselections.com/el/product/propolis | x-default=https://www.mattheosselections.com/en/product/propolis,https://www.mattheosselections.com/en/product/propolis,Natural Propolis Extract — Mattheos Selections,"https://res.cloudinary.com/dbrxbvovs/image/upload/c_pad,b_white,w_1200,h_630,f_jpg,q_auto/v1789773291/ecommerce/products/wc-2716-propolis-0760.jpg",
https://www.mattheosselections.com/en/product/honung-med-gurkmeja-och-ingefara,200,indexable,Honey with Turmeric and Ginger — Mattheos Selections,52,"Meet one of nature's most powerful combinations our Honey with Turmeric and Ginger 200g, a premium superfood blend crafted for both flavor and everyday…",152,1,Honey with Turmeric and Ginger,https://www.mattheosselections.com/en/product/honung-med-gurkmeja-och-ingefara,en=https://www.mattheosselections.com/en/product/honung-med-gurkmeja-och-ingefara | sv=https://www.mattheosselections.com/sv/product/honung-med-gurkmeja-och-ingefara | el=https://www.mattheosselections.com/el/product/honung-med-gurkmeja-och-ingefara | x-default=https://www.mattheosselections.com/en/product/honung-med-gurkmeja-och-ingefara,https://www.mattheosselections.com/en/product/honung-med-gurkmeja-och-ingefara,Honey with Turmeric and Ginger — Mattheos Selections,"https://res.cloudinary.com/dbrxbvovs/image/upload/c_pad,b_white,w_1200,h_630,f_jpg,q_auto/v1789773290/ecommerce/products/wc-2706-gurkmeja-inefara-0719.jpg",
https://www.mattheosselections.com/en/product/naturbox-ek-timjan-tallhonung,200,indexable,"Naturbox: Oak, Thyme & Pine Honey — Mattheos Selections",55,"If you've ever wondered what Greece tastes like, this is about as close as you can get in a jar. The Oak, Thyme & Pine Honey collection from Naturbox brings…",157,1,"Naturbox: Oak, Thyme & Pine Honey",https://www.mattheosselections.com/en/product/naturbox-ek-timjan-tallhonung,en=https://www.mattheosselections.com/en/product/naturbox-ek-timjan-tallhonung | sv=https://www.mattheosselections.com/sv/product/naturbox-ek-timjan-tallhonung | el=https://www.mattheosselections.com/el/product/naturbox-ek-timjan-tallhonung | x-default=https://www.mattheosselections.com/en/product/naturbox-ek-timjan-tallhonung,https://www.mattheosselections.com/en/product/naturbox-ek-timjan-tallhonung,"Naturbox: Oak, Thyme & Pine Honey — Mattheos Selections","https://res.cloudinary.com/dbrxbvovs/image/upload/c_pad,b_white,w_1200,h_630,f_jpg,q_auto/v1789773288/ecommerce/products/wc-2707-ek-timjan-tall-0667.jpg",
https://www.mattheosselections.com/en/shop,200,indexable,Shop — Mattheos Selections,26,"Discover our selection of Greek raw honey, honey creations and natural products from small producers across Greece.",115,1,Shop all products,https://www.mattheosselections.com/en/shop,en=https://www.mattheosselections.com/en/shop | sv=https://www.mattheosselections.com/sv/shop | el=https://www.mattheosselections.com/el/shop | x-default=https://www.mattheosselections.com/en/shop,https://www.mattheosselections.com/en/shop,Shop — Mattheos Selections,"https://res.cloudinary.com/dbrxbvovs/image/upload/c_fill,g_auto,w_1200,h_630,q_auto,f_jpg/v1789980790/ecommerce/site/producers/hives-mountain-road.jpg",
https://www.mattheosselections.com/en/product/jungfru-olivolja-extra-virgin-olive-oil,200,indexable,Extra Virgin Olive Oil — Mattheos Selections,44,"Experience the pure essence of Mediterranean tradition with our Extra Virgin Olive Oil 500ml a premium, cold-pressed olive oil made from carefully selected,…",157,1,Extra Virgin Olive Oil,https://www.mattheosselections.com/en/product/jungfru-olivolja-extra-virgin-olive-oil,en=https://www.mattheosselections.com/en/product/jungfru-olivolja-extra-virgin-olive-oil | sv=https://www.mattheosselections.com/sv/product/jungfru-olivolja-extra-virgin-olive-oil | el=https://www.mattheosselections.com/el/product/jungfru-olivolja-extra-virgin-olive-oil | x-default=https://www.mattheosselections.com/en/product/jungfru-olivolja-extra-virgin-olive-oil,https://www.mattheosselections.com/en/product/jungfru-olivolja-extra-virgin-olive-oil,Extra Virgin Olive Oil — Mattheos Selections,"https://res.cloudinary.com/dbrxbvovs/image/upload/c_pad,b_white,w_1200,h_630,f_jpg,q_auto/v1789773285/ecommerce/products/wc-2720-oliv0499.jpg",
https://www.mattheosselections.com/en/product/honung-med-guld,200,indexable,Honey with Edible Gold — Mattheos Selections,44,Some things are worth the indulgence. This is absolutely one of them. Our Honey with Edible Gold is pure Greek honey from the legendary slopes of Mount…,152,1,Honey with Edible Gold,https://www.mattheosselections.com/en/product/honung-med-guld,en=https://www.mattheosselections.com/en/product/honung-med-guld | sv=https://www.mattheosselections.com/sv/product/honung-med-guld | el=https://www.mattheosselections.com/el/product/honung-med-guld | x-default=https://www.mattheosselections.com/en/product/honung-med-guld,https://www.mattheosselections.com/en/product/honung-med-guld,Honey with Edible Gold — Mattheos Selections,"https://res.cloudinary.com/dbrxbvovs/image/upload/c_pad,b_white,w_1200,h_630,f_jpg,q_auto/v1789773283/ecommerce/products/wc-2696-gold250g0374.jpg",
https://www.mattheosselections.com/en/product/bivaxkram,200,indexable,Beeswax Cream — Mattheos Selections,35,"Beeswax Cream is a nourishing and moisturizing skin care product with natural properties. Made from pure beeswax, combined with nourishing oils and extracts,…",158,1,Beeswax Cream,https://www.mattheosselections.com/en/product/bivaxkram,en=https://www.mattheosselections.com/en/product/bivaxkram | sv=https://www.mattheosselections.com/sv/product/bivaxkram | el=https://www.mattheosselections.com/el/product/bivaxkram | x-default=https://www.mattheosselections.com/en/product/bivaxkram,https://www.mattheosselections.com/en/product/bivaxkram,Beeswax Cream — Mattheos Selections,"https://res.cloudinary.com/dbrxbvovs/image/upload/c_pad,b_white,w_1200,h_630,f_jpg,q_auto/v1789773280/ecommerce/products/wc-2718-bivaxkram-0413.jpg",
https://www.mattheosselections.com/en/terms-and-conditions,200,indexable,Terms and Conditions — Mattheos Selections,42,"Terms and conditions of sale for Mattheos Selections: orders, VAT, shipping, payment, returns and complaints.",109,1,Terms and Conditions of Sale,https://www.mattheosselections.com/en/terms-and-conditions,en=https://www.mattheosselections.com/en/terms-and-conditions | sv=https://www.mattheosselections.com/sv/terms-and-conditions | el=https://www.mattheosselections.com/el/terms-and-conditions | x-default=https://www.mattheosselections.com/en/terms-and-conditions,https://www.mattheosselections.com/en/terms-and-conditions,Terms and Conditions — Mattheos Selections,"https://res.cloudinary.com/dbrxbvovs/image/upload/c_fill,g_auto,w_1200,h_630,q_auto,f_jpg/v1789980790/ecommerce/site/producers/hives-mountain-road.jpg",
https://www.mattheosselections.com/en/privacy-policy,200,indexable,Privacy Policy — Mattheos Selections,36,"How Mattheos Selections (Pasver AB) collects, uses and protects your personal data, and the rights you have under GDPR.",119,1,Privacy Policy,https://www.mattheosselections.com/en/privacy-policy,en=https://www.mattheosselections.com/en/privacy-policy | sv=https://www.mattheosselections.com/sv/privacy-policy | el=https://www.mattheosselections.com/el/privacy-policy | x-default=https://www.mattheosselections.com/en/privacy-policy,https://www.mattheosselections.com/en/privacy-policy,Privacy Policy — Mattheos Selections,"https://res.cloudinary.com/dbrxbvovs/image/upload/c_fill,g_auto,w_1200,h_630,q_auto,f_jpg/v1789980790/ecommerce/site/producers/hives-mountain-road.jpg",
https://www.mattheosselections.com/el/about,200,indexable,Σχετικά με εμάς — Mattheos Selections,37,"Γνωρίστε τη Mattheos Selections: αυθεντικά, φυσικά προϊόντα από μικρούς Έλληνες παραγωγούς, για τη Σκανδιναβία.",111,1,Ρίζες στην Ελλάδα. Σπίτι στη Σουηδία.,https://www.mattheosselections.com/el/about,en=https://www.mattheosselections.com/en/about | sv=https://www.mattheosselections.com/sv/about | el=https://www.mattheosselections.com/el/about | x-default=https://www.mattheosselections.com/en/about,https://www.mattheosselections.com/el/about,Σχετικά με εμάς — Mattheos Selections,"https://res.cloudinary.com/dbrxbvovs/image/upload/c_fill,g_auto,w_1200,h_630,q_auto,f_jpg/v1789980790/ecommerce/site/producers/hives-mountain-road.jpg",
https://www.mattheosselections.com/sv/shop/presentforpackningar,200,indexable,Presentförpackningar — Mattheos Selections,42,"Presentförpackningar, kurerade set och produktpaket avsedda att ges bort.",73,1,Presentförpackningar,https://www.mattheosselections.com/sv/shop/presentforpackningar,en=https://www.mattheosselections.com/en/shop/presentforpackningar | sv=https://www.mattheosselections.com/sv/shop/presentforpackningar | el=https://www.mattheosselections.com/el/shop/presentforpackningar | x-default=https://www.mattheosselections.com/en/shop/presentforpackningar,https://www.mattheosselections.com/sv/shop/presentforpackningar,Presentförpackningar — Mattheos Selections,"https://res.cloudinary.com/dbrxbvovs/image/upload/c_pad,b_white,w_1200,h_630,f_jpg,q_auto/v1789744666/ecommerce/categories/aek2kkvr1cqaq3uvltux.jpg",
https://www.mattheosselections.com/en/shop/ra-honung,200,indexable,Raw Honey — Mattheos Selections,31,"All pure raw honey varieties, such as fir, thyme, oak and other single origin or pure honey varieties",101,1,Raw Honey,https://www.mattheosselections.com/en/shop/ra-honung,en=https://www.mattheosselections.com/en/shop/ra-honung | sv=https://www.mattheosselections.com/sv/shop/ra-honung | el=https://www.mattheosselections.com/el/shop/ra-honung | x-default=https://www.mattheosselections.com/en/shop/ra-honung,https://www.mattheosselections.com/en/shop/ra-honung,Raw Honey — Mattheos Selections,"https://res.cloudinary.com/dbrxbvovs/image/upload/c_pad,b_white,w_1200,h_630,f_jpg,q_auto/v1789744390/ecommerce/categories/iuujk6vi5ikso9opd2zp.jpg",
https://www.mattheosselections.com/en/shop/naturliga-specialiteter,200,indexable,Natural Specialities — Mattheos Selections,42,"Selected natural products that do not belong to the honey categories, including the creamer and olive oil.",106,1,Natural Specialities,https://www.mattheosselections.com/en/shop/naturliga-specialiteter,en=https://www.mattheosselections.com/en/shop/naturliga-specialiteter | sv=https://www.mattheosselections.com/sv/shop/naturliga-specialiteter | el=https://www.mattheosselections.com/el/shop/naturliga-specialiteter | x-default=https://www.mattheosselections.com/en/shop/naturliga-specialiteter,https://www.mattheosselections.com/en/shop/naturliga-specialiteter,Natural Specialities — Mattheos Selections,"https://res.cloudinary.com/dbrxbvovs/image/upload/c_pad,b_white,w_1200,h_630,f_jpg,q_auto/v1789744649/ecommerce/categories/hayu9lxig1y5hvewxt2k.jpg",
https://www.mattheosselections.com/en/shop/presentforpackningar,200,indexable,Gift Sets — Mattheos Selections,31,"Gift boxes, curated sets and product bundles intended for gifting.",66,1,Gift Sets,https://www.mattheosselections.com/en/shop/presentforpackningar,en=https://www.mattheosselections.com/en/shop/presentforpackningar | sv=https://www.mattheosselections.com/sv/shop/presentforpackningar | el=https://www.mattheosselections.com/el/shop/presentforpackningar | x-default=https://www.mattheosselections.com/en/shop/presentforpackningar,https://www.mattheosselections.com/en/shop/presentforpackningar,Gift Sets — Mattheos Selections,"https://res.cloudinary.com/dbrxbvovs/image/upload/c_pad,b_white,w_1200,h_630,f_jpg,q_auto/v1789744666/ecommerce/categories/aek2kkvr1cqaq3uvltux.jpg",
https://www.mattheosselections.com/el/shop/honungsskapelser,200,indexable,Δημιουργίες με Μέλι — Mattheos Selections,41,"Μέλι αναμεμειγμένο ή συνδυασμένο με άλλα συστατικά, όπως μέλι με κουρκουμά και τζίντζερ, μέλι με χρυσό και παρόμοια προϊόντα.",125,1,Δημιουργίες με Μέλι,https://www.mattheosselections.com/el/shop/honungsskapelser,en=https://www.mattheosselections.com/en/shop/honungsskapelser | sv=https://www.mattheosselections.com/sv/shop/honungsskapelser | el=https://www.mattheosselections.com/el/shop/honungsskapelser | x-default=https://www.mattheosselections.com/en/shop/honungsskapelser,https://www.mattheosselections.com/el/shop/honungsskapelser,Δημιουργίες με Μέλι — Mattheos Selections,"https://res.cloudinary.com/dbrxbvovs/image/upload/c_pad,b_white,w_1200,h_630,f_jpg,q_auto/v1789744570/ecommerce/categories/vr6d6g8cqfzlmzdshb9c.jpg",
https://www.mattheosselections.com/el/shop/biprodukter,200,indexable,Προϊόντα μέλισσας — Mattheos Selections,39,Πρόπολη και άλλα προϊόντα μέλισσας που ενδέχεται να προσθέσουμε στο μέλλον.,75,1,Προϊόντα μέλισσας,https://www.mattheosselections.com/el/shop/biprodukter,en=https://www.mattheosselections.com/en/shop/biprodukter | sv=https://www.mattheosselections.com/sv/shop/biprodukter | el=https://www.mattheosselections.com/el/shop/biprodukter | x-default=https://www.mattheosselections.com/en/shop/biprodukter,https://www.mattheosselections.com/el/shop/biprodukter,Προϊόντα μέλισσας — Mattheos Selections,"https://res.cloudinary.com/dbrxbvovs/image/upload/c_pad,b_white,w_1200,h_630,f_jpg,q_auto/v1789744617/ecommerce/categories/whzarllhnn3fgw8hudt5.jpg",
https://www.mattheosselections.com/el/contact,200,indexable,Επικοινωνία — Mattheos Selections,33,"Ερωτήσεις για μια παραγγελία, ένα προϊόν ή εταιρικά δώρα; Στείλτε μας email — απαντάμε μέσα σε 24 ώρες.",103,1,Θα χαρούμε να έχουμε νέα σας,https://www.mattheosselections.com/el/contact,en=https://www.mattheosselections.com/en/contact | sv=https://www.mattheosselections.com/sv/contact | el=https://www.mattheosselections.com/el/contact | x-default=https://www.mattheosselections.com/en/contact,https://www.mattheosselections.com/el/contact,Επικοινωνία — Mattheos Selections,"https://res.cloudinary.com/dbrxbvovs/image/upload/c_fill,g_auto,w_1200,h_630,q_auto,f_jpg/v1789980790/ecommerce/site/producers/hives-mountain-road.jpg",
https://www.mattheosselections.com/el/product/jordgubbstrad-honung,200,indexable,Μέλι κουμαριάς — Mattheos Selections,36,"Το μέλι κουμαριάς είναι πραγματικά σπάνιο και, για όσους το ανακαλύπτουν, τείνει να γίνει εμμονή. Το μέλι κουμαριάς μας (συσκευασία 250g) παράγεται από…",152,1,Μέλι κουμαριάς,https://www.mattheosselections.com/el/product/jordgubbstrad-honung,en=https://www.mattheosselections.com/en/product/jordgubbstrad-honung | sv=https://www.mattheosselections.com/sv/product/jordgubbstrad-honung | el=https://www.mattheosselections.com/el/product/jordgubbstrad-honung | x-default=https://www.mattheosselections.com/en/product/jordgubbstrad-honung,https://www.mattheosselections.com/el/product/jordgubbstrad-honung,Μέλι κουμαριάς — Mattheos Selections,"https://res.cloudinary.com/dbrxbvovs/image/upload/c_pad,b_white,w_1200,h_630,f_jpg,q_auto/v1789773289/ecommerce/products/wc-2697-jordgubb250g0367.jpg",
https://www.mattheosselections.com/el/product/naturbox-honung-och-propolis-mattheos-selections,200,indexable,Σετ Δώρου Naturbox με Μέλι & Πρόπολη — Mattheos Selections,58,Χαρίστε το δώρο της φύσης και της αυθεντικής ποιότητας. Το σετ δώρου Naturbox με Μέλι & Πρόπολη είναι μια προσεγμένη συλλογή που συνδυάζει τρία από τα κορυφαία…,160,1,Σετ Δώρου Naturbox με Μέλι & Πρόπολη,https://www.mattheosselections.com/el/product/naturbox-honung-och-propolis-mattheos-selections,en=https://www.mattheosselections.com/en/product/naturbox-honung-och-propolis-mattheos-selections | sv=https://www.mattheosselections.com/sv/product/naturbox-honung-och-propolis-mattheos-selections | el=https://www.mattheosselections.com/el/product/naturbox-honung-och-propolis-mattheos-selections | x-default=https://www.mattheosselections.com/en/product/naturbox-honung-och-propolis-mattheos-selections,https://www.mattheosselections.com/el/product/naturbox-honung-och-propolis-mattheos-selections,Σετ Δώρου Naturbox με Μέλι & Πρόπολη — Mattheos Selections,"https://res.cloudinary.com/dbrxbvovs/image/upload/c_pad,b_white,w_1200,h_630,f_jpg,q_auto/v1789773298/ecommerce/products/wc-2717-honung-och-propolis-0747.jpg",
https://www.mattheosselections.com/el/product/propolis,200,indexable,Φυσικό εκχύλισμα πρόπολης — Mattheos Selections,47,"Προερχόμενο απευθείας από την παρθένα περιοχή του Ολύμπου στην Ελλάδα, το Φυσικό Εκχύλισμα Πρόπολης 50ml αποτελεί ένα από τα πιο αξιοσημείωτα δώρα της φύσης:…",158,1,Φυσικό εκχύλισμα πρόπολης,https://www.mattheosselections.com/el/product/propolis,en=https://www.mattheosselections.com/en/product/propolis | sv=https://www.mattheosselections.com/sv/product/propolis | el=https://www.mattheosselections.com/el/product/propolis | x-default=https://www.mattheosselections.com/en/product/propolis,https://www.mattheosselections.com/el/product/propolis,Φυσικό εκχύλισμα πρόπολης — Mattheos Selections,"https://res.cloudinary.com/dbrxbvovs/image/upload/c_pad,b_white,w_1200,h_630,f_jpg,q_auto/v1789773291/ecommerce/products/wc-2716-propolis-0760.jpg",
https://www.mattheosselections.com/el/product/honung-med-gurkmeja-och-ingefara,200,indexable,Μέλι με κουρκουμά και τζίντζερ — Mattheos Selections,52,"Ανακαλύψτε έναν από τους πιο ισχυρούς συνδυασμούς της φύσης: το μέλι μας με κουρκουμά και τζίντζερ (200g), ένα κορυφαίο μείγμα υπερτροφών που δημιουργήθηκε…",156,1,Μέλι με κουρκουμά και τζίντζερ,https://www.mattheosselections.com/el/product/honung-med-gurkmeja-och-ingefara,en=https://www.mattheosselections.com/en/product/honung-med-gurkmeja-och-ingefara | sv=https://www.mattheosselections.com/sv/product/honung-med-gurkmeja-och-ingefara | el=https://www.mattheosselections.com/el/product/honung-med-gurkmeja-och-ingefara | x-default=https://www.mattheosselections.com/en/product/honung-med-gurkmeja-och-ingefara,https://www.mattheosselections.com/el/product/honung-med-gurkmeja-och-ingefara,Μέλι με κουρκουμά και τζίντζερ — Mattheos Selections,"https://res.cloudinary.com/dbrxbvovs/image/upload/c_pad,b_white,w_1200,h_630,f_jpg,q_auto/v1789773290/ecommerce/products/wc-2706-gurkmeja-inefara-0719.jpg",
https://www.mattheosselections.com/el/product/naturbox-ek-timjan-tallhonung,200,indexable,"Naturbox: Μέλι βελανιδιάς, θυμαριού και πεύκου — Mattheos Selections",68,"Αν αναρωτηθήκατε ποτέ ποια είναι η γεύση της Ελλάδας, αυτή η συλλογή σάς φέρνει όσο πιο κοντά γίνεται σε αυτή την εμπειρία, μέσα σε ένα βάζο. Η συλλογή μελιού…",159,1,"Naturbox: Μέλι βελανιδιάς, θυμαριού και πεύκου",https://www.mattheosselections.com/el/product/naturbox-ek-timjan-tallhonung,en=https://www.mattheosselections.com/en/product/naturbox-ek-timjan-tallhonung | sv=https://www.mattheosselections.com/sv/product/naturbox-ek-timjan-tallhonung | el=https://www.mattheosselections.com/el/product/naturbox-ek-timjan-tallhonung | x-default=https://www.mattheosselections.com/en/product/naturbox-ek-timjan-tallhonung,https://www.mattheosselections.com/el/product/naturbox-ek-timjan-tallhonung,"Naturbox: Μέλι βελανιδιάς, θυμαριού και πεύκου — Mattheos Selections","https://res.cloudinary.com/dbrxbvovs/image/upload/c_pad,b_white,w_1200,h_630,f_jpg,q_auto/v1789773288/ecommerce/products/wc-2707-ek-timjan-tall-0667.jpg",
https://www.mattheosselections.com/el/product/jungfru-olivolja-extra-virgin-olive-oil,200,indexable,Εξαιρετικό Παρθένο Ελαιόλαδο — Mattheos Selections,50,"Ανακαλύψτε την αυθεντική ουσία της μεσογειακής παράδοσης με το Εξαιρετικό Παρθένο Ελαιόλαδό μας (500ml) – ένα προϊόν κορυφαίας ποιότητας, παραγόμενο με τη…",155,1,Εξαιρετικό Παρθένο Ελαιόλαδο,https://www.mattheosselections.com/el/product/jungfru-olivolja-extra-virgin-olive-oil,en=https://www.mattheosselections.com/en/product/jungfru-olivolja-extra-virgin-olive-oil | sv=https://www.mattheosselections.com/sv/product/jungfru-olivolja-extra-virgin-olive-oil | el=https://www.mattheosselections.com/el/product/jungfru-olivolja-extra-virgin-olive-oil | x-default=https://www.mattheosselections.com/en/product/jungfru-olivolja-extra-virgin-olive-oil,https://www.mattheosselections.com/el/product/jungfru-olivolja-extra-virgin-olive-oil,Εξαιρετικό Παρθένο Ελαιόλαδο — Mattheos Selections,"https://res.cloudinary.com/dbrxbvovs/image/upload/c_pad,b_white,w_1200,h_630,f_jpg,q_auto/v1789773285/ecommerce/products/wc-2720-oliv0499.jpg",
https://www.mattheosselections.com/el/shop/ra-honung,200,indexable,ακατέργαστο μέλι — Mattheos Selections,38,"Όλες οι ποικιλίες αγνού, ανεπεξέργαστου μελιού, όπως το μέλι ελάτης, θυμαριού, βελανιδιάς και άλλες ποικιλίες μελιού καθαρής προέλευσης ή αγνού μελιού.",151,1,ακατέργαστο μέλι,https://www.mattheosselections.com/el/shop/ra-honung,en=https://www.mattheosselections.com/en/shop/ra-honung | sv=https://www.mattheosselections.com/sv/shop/ra-honung | el=https://www.mattheosselections.com/el/shop/ra-honung | x-default=https://www.mattheosselections.com/en/shop/ra-honung,https://www.mattheosselections.com/el/shop/ra-honung,ακατέργαστο μέλι — Mattheos Selections,"https://res.cloudinary.com/dbrxbvovs/image/upload/c_pad,b_white,w_1200,h_630,f_jpg,q_auto/v1789744390/ecommerce/categories/iuujk6vi5ikso9opd2zp.jpg",
https://www.mattheosselections.com/el/shop,200,indexable,Κατάστημα — Mattheos Selections,31,"Ανακαλύψτε τη συλλογή μας με ακατέργαστο ελληνικό μέλι, δημιουργίες με μέλι και φυσικά προϊόντα από μικρούς παραγωγούς σε όλη την Ελλάδα.",137,1,Όλα τα προϊόντα,https://www.mattheosselections.com/el/shop,en=https://www.mattheosselections.com/en/shop | sv=https://www.mattheosselections.com/sv/shop | el=https://www.mattheosselections.com/el/shop | x-default=https://www.mattheosselections.com/en/shop,https://www.mattheosselections.com/el/shop,Κατάστημα — Mattheos Selections,"https://res.cloudinary.com/dbrxbvovs/image/upload/c_fill,g_auto,w_1200,h_630,q_auto,f_jpg/v1789980790/ecommerce/site/producers/hives-mountain-road.jpg",
https://www.mattheosselections.com/el/product/honung-med-guld,200,indexable,Μέλι με βρώσιμο χρυσό — Mattheos Selections,43,Υπάρχουν απολαύσεις που αξίζει να ζήσει κανείς. Αυτή είναι αναμφίβολα μία από αυτές. Το Μέλι μας με Βρώσιμο Χρυσό είναι αγνό ελληνικό μέλι από τις θρυλικές…,156,1,Μέλι με βρώσιμο χρυσό,https://www.mattheosselections.com/el/product/honung-med-guld,en=https://www.mattheosselections.com/en/product/honung-med-guld | sv=https://www.mattheosselections.com/sv/product/honung-med-guld | el=https://www.mattheosselections.com/el/product/honung-med-guld | x-default=https://www.mattheosselections.com/en/product/honung-med-guld,https://www.mattheosselections.com/el/product/honung-med-guld,Μέλι με βρώσιμο χρυσό — Mattheos Selections,"https://res.cloudinary.com/dbrxbvovs/image/upload/c_pad,b_white,w_1200,h_630,f_jpg,q_auto/v1789773283/ecommerce/products/wc-2696-gold250g0374.jpg",
https://www.mattheosselections.com/el/product/bivaxkram,200,indexable,Κρέμα με κερί μέλισσας — Mattheos Selections,44,"Η Κρέμα με Κερί Μέλισσας είναι ένα θρεπτικό και ενυδατικό προϊόν περιποίησης με φυσικές ιδιότητες. Παρασκευασμένη από αγνό κερί μέλισσας, σε συνδυασμό με…",154,1,Κρέμα με κερί μέλισσας,https://www.mattheosselections.com/el/product/bivaxkram,en=https://www.mattheosselections.com/en/product/bivaxkram | sv=https://www.mattheosselections.com/sv/product/bivaxkram | el=https://www.mattheosselections.com/el/product/bivaxkram | x-default=https://www.mattheosselections.com/en/product/bivaxkram,https://www.mattheosselections.com/el/product/bivaxkram,Κρέμα με κερί μέλισσας — Mattheos Selections,"https://res.cloudinary.com/dbrxbvovs/image/upload/c_pad,b_white,w_1200,h_630,f_jpg,q_auto/v1789773280/ecommerce/products/wc-2718-bivaxkram-0413.jpg",
https://www.mattheosselections.com/el/terms-and-conditions,200,indexable,Όροι και προϋποθέσεις — Mattheos Selections,43,"Όροι πώλησης της Mattheos Selections: παραγγελίες, ΦΠΑ, αποστολή, πληρωμή, επιστροφές και παράπονα.",99,1,Όροι και προϋποθέσεις πώλησης,https://www.mattheosselections.com/el/terms-and-conditions,en=https://www.mattheosselections.com/en/terms-and-conditions | sv=https://www.mattheosselections.com/sv/terms-and-conditions | el=https://www.mattheosselections.com/el/terms-and-conditions | x-default=https://www.mattheosselections.com/en/terms-and-conditions,https://www.mattheosselections.com/el/terms-and-conditions,Όροι και προϋποθέσεις — Mattheos Selections,"https://res.cloudinary.com/dbrxbvovs/image/upload/c_fill,g_auto,w_1200,h_630,q_auto,f_jpg/v1789980790/ecommerce/site/producers/hives-mountain-road.jpg",
https://www.mattheosselections.com/el/privacy-policy,200,indexable,Πολιτική απορρήτου — Mattheos Selections,40,"Πώς η Mattheos Selections (Pasver AB) συλλέγει, χρησιμοποιεί και προστατεύει τα προσωπικά σας δεδομένα και ποια δικαιώματα έχετε σύμφωνα με τον GDPR.",149,1,Πολιτική απορρήτου,https://www.mattheosselections.com/el/privacy-policy,en=https://www.mattheosselections.com/en/privacy-policy | sv=https://www.mattheosselections.com/sv/privacy-policy | el=https://www.mattheosselections.com/el/privacy-policy | x-default=https://www.mattheosselections.com/en/privacy-policy,https://www.mattheosselections.com/el/privacy-policy,Πολιτική απορρήτου — Mattheos Selections,"https://res.cloudinary.com/dbrxbvovs/image/upload/c_fill,g_auto,w_1200,h_630,q_auto,f_jpg/v1789980790/ecommerce/site/producers/hives-mountain-road.jpg",
https://www.mattheosselections.com/el/shop/naturliga-specialiteter,200,indexable,Φυσικές Εξειδικεύσεις — Mattheos Selections,43,"Επιλεγμένα φυσικά προϊόντα που δεν ανήκουν στις κατηγορίες μελιού, συμπεριλαμβανομένων του προϊόντος τύπου κρέμας (creamer) και του ελαιολάδου.",143,1,Φυσικές Εξειδικεύσεις,https://www.mattheosselections.com/el/shop/naturliga-specialiteter,en=https://www.mattheosselections.com/en/shop/naturliga-specialiteter | sv=https://www.mattheosselections.com/sv/shop/naturliga-specialiteter | el=https://www.mattheosselections.com/el/shop/naturliga-specialiteter | x-default=https://www.mattheosselections.com/en/shop/naturliga-specialiteter,https://www.mattheosselections.com/el/shop/naturliga-specialiteter,Φυσικές Εξειδικεύσεις — Mattheos Selections,"https://res.cloudinary.com/dbrxbvovs/image/upload/c_pad,b_white,w_1200,h_630,f_jpg,q_auto/v1789744649/ecommerce/categories/hayu9lxig1y5hvewxt2k.jpg",
https://www.mattheosselections.com/el/shop/presentforpackningar,200,indexable,Σετ δώρου — Mattheos Selections,31,"Κουτιά δώρου, επιμελημένα σετ και πακέτα προϊόντων που προορίζονται για δώρα.",77,1,Σετ δώρου,https://www.mattheosselections.com/el/shop/presentforpackningar,en=https://www.mattheosselections.com/en/shop/presentforpackningar | sv=https://www.mattheosselections.com/sv/shop/presentforpackningar | el=https://www.mattheosselections.com/el/shop/presentforpackningar | x-default=https://www.mattheosselections.com/en/shop/presentforpackningar,https://www.mattheosselections.com/el/shop/presentforpackningar,Σετ δώρου — Mattheos Selections,"https://res.cloudinary.com/dbrxbvovs/image/upload/c_pad,b_white,w_1200,h_630,f_jpg,q_auto/v1789744666/ecommerce/categories/aek2kkvr1cqaq3uvltux.jpg",
https://www.mattheosselections.com/sv/product/akesis-honey-with-hazelnut,200,indexable,Honung med hasselnötter — Mattheos Selections,45,Vissa godsaker får en att stanna upp och njuta av stunden. Det här är en av dem. Vår honung med hasselnötter är en enkel och ärlig blandning av ren grekisk…,156,1,Honung med hasselnötter,https://www.mattheosselections.com/sv/product/akesis-honey-with-hazelnut,en=https://www.mattheosselections.com/en/product/akesis-honey-with-hazelnut | sv=https://www.mattheosselections.com/sv/product/akesis-honey-with-hazelnut | el=https://www.mattheosselections.com/el/product/akesis-honey-with-hazelnut | x-default=https://www.mattheosselections.com/en/product/akesis-honey-with-hazelnut,https://www.mattheosselections.com/sv/product/akesis-honey-with-hazelnut,Honung med hasselnötter — Mattheos Selections,"https://res.cloudinary.com/dbrxbvovs/image/upload/c_pad,b_white,w_1200,h_630,f_jpg,q_auto/v1789773281/ecommerce/products/wc-2710-hasselnotter-0714.jpg",
https://www.mattheosselections.com/sv/product/oreganohonung,200,indexable,Oreganohonung — Mattheos Selections,35,• Används för att stärka immunförsvaret och vårda luftvägarna. • Rik på mineraler och antioxidanter. Vår oreganohonung är en råhonung av ursprungsskyddad…,154,1,Oreganohonung,https://www.mattheosselections.com/sv/product/oreganohonung,en=https://www.mattheosselections.com/en/product/oreganohonung | sv=https://www.mattheosselections.com/sv/product/oreganohonung | el=https://www.mattheosselections.com/el/product/oreganohonung | x-default=https://www.mattheosselections.com/en/product/oreganohonung,https://www.mattheosselections.com/sv/product/oreganohonung,Oreganohonung — Mattheos Selections,"https://res.cloudinary.com/dbrxbvovs/image/upload/c_pad,b_white,w_1200,h_630,f_jpg,q_auto/v1789773275/ecommerce/products/wc-2702-oregano450g0318.jpg",
https://www.mattheosselections.com/sv/product/tallhonung,200,indexable,Tallhonung — Mattheos Selections,32,• Näringsrik och rik på mineraler. • Låg sockerhalt; kristalliserar långsamt. • Har en karaktäristisk smak och används ofta vid förkylning. • Produceras genom…,159,1,Tallhonung,https://www.mattheosselections.com/sv/product/tallhonung,en=https://www.mattheosselections.com/en/product/tallhonung | sv=https://www.mattheosselections.com/sv/product/tallhonung | el=https://www.mattheosselections.com/el/product/tallhonung | x-default=https://www.mattheosselections.com/en/product/tallhonung,https://www.mattheosselections.com/sv/product/tallhonung,Tallhonung — Mattheos Selections,"https://res.cloudinary.com/dbrxbvovs/image/upload/c_pad,b_white,w_1200,h_630,f_jpg,q_auto/v1789773271/ecommerce/products/wc-2703-tall450g0306.jpg",
https://www.mattheosselections.com/sv/product/naturbox-kraftfull-honungsblandning,200,indexable,Naturbox – Kraftfull honungsblandning — Mattheos Selections,59,Naturbox Powerful Honey Blend förenar fem noggrant utvalda grekiska kvalitetshonungssorter i en vacker presentförpackning. Varje sort har valts ut för sin…,155,1,Naturbox – Kraftfull honungsblandning,https://www.mattheosselections.com/sv/product/naturbox-kraftfull-honungsblandning,en=https://www.mattheosselections.com/en/product/naturbox-kraftfull-honungsblandning | sv=https://www.mattheosselections.com/sv/product/naturbox-kraftfull-honungsblandning | el=https://www.mattheosselections.com/el/product/naturbox-kraftfull-honungsblandning | x-default=https://www.mattheosselections.com/en/product/naturbox-kraftfull-honungsblandning,https://www.mattheosselections.com/sv/product/naturbox-kraftfull-honungsblandning,Naturbox – Kraftfull honungsblandning — Mattheos Selections,"https://res.cloudinary.com/dbrxbvovs/image/upload/c_pad,b_white,w_1200,h_630,f_jpg,q_auto/v1789773297/ecommerce/products/wc-2705-kraftfull-2-0722.jpg",
https://www.mattheosselections.com/sv/product/adelgrannshonung,200,indexable,Granhonung — Mattheos Selections,32,Ädelgranshonung är en sällsynt och aromatisk honung med en djup och fyllig smakprofil. Till skillnad från blomhonung utvinns den ur honungsdagg som bildas på…,158,1,Granhonung,https://www.mattheosselections.com/sv/product/adelgrannshonung,en=https://www.mattheosselections.com/en/product/adelgrannshonung | sv=https://www.mattheosselections.com/sv/product/adelgrannshonung | el=https://www.mattheosselections.com/el/product/adelgrannshonung | x-default=https://www.mattheosselections.com/en/product/adelgrannshonung,https://www.mattheosselections.com/sv/product/adelgrannshonung,Granhonung — Mattheos Selections,"https://res.cloudinary.com/dbrxbvovs/image/upload/c_pad,b_white,w_1200,h_630,f_jpg,q_auto/v1789773260/ecommerce/products/wc-2688-fir450g0312.jpg",
https://www.mattheosselections.com/sv/product/ekhonung,200,indexable,Ekhonung — Mattheos Selections,30,• Mörk honung med toner av bitter kola och ek. • Rik på antioxidanter och enzymer som främjar ämnesomsättningen. • Lindrar magbesvär och motverkar trötthet.…,157,1,Ekhonung,https://www.mattheosselections.com/sv/product/ekhonung,en=https://www.mattheosselections.com/en/product/ekhonung | sv=https://www.mattheosselections.com/sv/product/ekhonung | el=https://www.mattheosselections.com/el/product/ekhonung | x-default=https://www.mattheosselections.com/en/product/ekhonung,https://www.mattheosselections.com/sv/product/ekhonung,Ekhonung — Mattheos Selections,"https://res.cloudinary.com/dbrxbvovs/image/upload/c_pad,b_white,w_1200,h_630,f_jpg,q_auto/v1789773266/ecommerce/products/wc-2694-ek450g0315.jpg",
https://www.mattheosselections.com/sv/product/timjanhonung,200,indexable,Timjanhonung — Mattheos Selections,34,Timjanhonung visar precis varför den är så högt uppskattad. Vår timjanhonung produceras av bin som hämtar nektar från vild timjan – en växt som växer naturligt…,160,1,Timjanhonung,https://www.mattheosselections.com/sv/product/timjanhonung,en=https://www.mattheosselections.com/en/product/timjanhonung | sv=https://www.mattheosselections.com/sv/product/timjanhonung | el=https://www.mattheosselections.com/el/product/timjanhonung | x-default=https://www.mattheosselections.com/en/product/timjanhonung,https://www.mattheosselections.com/sv/product/timjanhonung,Timjanhonung — Mattheos Selections,"https://res.cloudinary.com/dbrxbvovs/image/upload/c_pad,b_white,w_1200,h_630,f_jpg,q_auto/v1789773254/ecommerce/products/wc-2699-timjan450g0321.jpg",
https://www.mattheosselections.com/sv/product/natuthos-omalisk-honangstrin,200,indexable,"Naturbox: Honung med blommor och örter, oreganohonung och timjanhonung — Mattheos Selections",92,Vissa gåvor säger mer än ord någonsin kan. Den här gör det med hjälp av honung. Naturbox Aromatic Honey Trio är ett omsorgsfullt utvalt set med tre sorters ren…,160,1,"Naturbox: Honung med blommor och örter, oreganohonung och timjanhonung",https://www.mattheosselections.com/sv/product/natuthos-omalisk-honangstrin,en=https://www.mattheosselections.com/en/product/natuthos-omalisk-honangstrin | sv=https://www.mattheosselections.com/sv/product/natuthos-omalisk-honangstrin | el=https://www.mattheosselections.com/el/product/natuthos-omalisk-honangstrin | x-default=https://www.mattheosselections.com/en/product/natuthos-omalisk-honangstrin,https://www.mattheosselections.com/sv/product/natuthos-omalisk-honangstrin,"Naturbox: Honung med blommor och örter, oreganohonung och timjanhonung — Mattheos Selections","https://res.cloudinary.com/dbrxbvovs/image/upload/c_pad,b_white,w_1200,h_630,f_jpg,q_auto/v1789773294/ecommerce/products/wc-2709-aromatisk-trio-0661.jpg",
https://www.mattheosselections.com/sv/product/naturbox-superfoodblandning,200,indexable,Naturbox Superfood-honungsblandning — Mattheos Selections,57,Naturbox Superfood Honey Blend är naturen när den är som allra härligast – en omsorgsfullt sammansatt kollektion av tre exceptionella honungssorter. Varje sort…,160,1,Naturbox Superfood-honungsblandning,https://www.mattheosselections.com/sv/product/naturbox-superfoodblandning,en=https://www.mattheosselections.com/en/product/naturbox-superfoodblandning | sv=https://www.mattheosselections.com/sv/product/naturbox-superfoodblandning | el=https://www.mattheosselections.com/el/product/naturbox-superfoodblandning | x-default=https://www.mattheosselections.com/en/product/naturbox-superfoodblandning,https://www.mattheosselections.com/sv/product/naturbox-superfoodblandning,Naturbox Superfood-honungsblandning — Mattheos Selections,"https://res.cloudinary.com/dbrxbvovs/image/upload/c_pad,b_white,w_1200,h_630,f_jpg,q_auto/v1789773296/ecommerce/products/wc-2708-superfoodblandning-0680.jpg",
https://www.mattheosselections.com/sv/product/blomster-orthonung,200,indexable,Blom- och ört-honung — Mattheos Selections,42,Vår honung från örter och blommor är en delikat och aromatisk honung med en mångfacetterad smakprofil. Den kommer från bin som pollinerar en blandning av vilda…,160,1,Blom- och ört-honung,https://www.mattheosselections.com/sv/product/blomster-orthonung,en=https://www.mattheosselections.com/en/product/blomster-orthonung | sv=https://www.mattheosselections.com/sv/product/blomster-orthonung | el=https://www.mattheosselections.com/el/product/blomster-orthonung | x-default=https://www.mattheosselections.com/en/product/blomster-orthonung,https://www.mattheosselections.com/sv/product/blomster-orthonung,Blom- och ört-honung — Mattheos Selections,"https://res.cloudinary.com/dbrxbvovs/image/upload/c_pad,b_white,w_1200,h_630,f_jpg,q_auto/v1789773249/ecommerce/products/wc-2691-blomster450g0310.jpg",
https://www.mattheosselections.com/sv/product/naturbox-hela-upplevelsen,200,indexable,Naturbox: Set i 11 delar – hela upplevelsen — Mattheos Selections,65,"Naturbox: The Whole Experience är vårt mest omfattande presentkit med grekisk honung – en samling med elva produkter som förenar nio unika sorter av råhonung,…",159,1,Naturbox: Set i 11 delar – hela upplevelsen,https://www.mattheosselections.com/sv/product/naturbox-hela-upplevelsen,en=https://www.mattheosselections.com/en/product/naturbox-hela-upplevelsen | sv=https://www.mattheosselections.com/sv/product/naturbox-hela-upplevelsen | el=https://www.mattheosselections.com/el/product/naturbox-hela-upplevelsen | x-default=https://www.mattheosselections.com/en/product/naturbox-hela-upplevelsen,https://www.mattheosselections.com/sv/product/naturbox-hela-upplevelsen,Naturbox: Set i 11 delar – hela upplevelsen — Mattheos Selections,"https://res.cloudinary.com/dbrxbvovs/image/upload/c_pad,b_white,w_1200,h_630,f_jpg,q_auto/v1789773293/ecommerce/products/wc-2721-hela-upplevelsen-0822.jpg",
https://www.mattheosselections.com/en/product/akesis-honey-with-hazelnut,200,indexable,Honey with Hazelnuts — Mattheos Selections,42,"Some treats make you stop and savour the moment. This is one of them. Our Honey with Hazelnuts is a simple, honest blend of pure Greek honey and finely crushed…",160,1,Honey with Hazelnuts,https://www.mattheosselections.com/en/product/akesis-honey-with-hazelnut,en=https://www.mattheosselections.com/en/product/akesis-honey-with-hazelnut | sv=https://www.mattheosselections.com/sv/product/akesis-honey-with-hazelnut | el=https://www.mattheosselections.com/el/product/akesis-honey-with-hazelnut | x-default=https://www.mattheosselections.com/en/product/akesis-honey-with-hazelnut,https://www.mattheosselections.com/en/product/akesis-honey-with-hazelnut,Honey with Hazelnuts — Mattheos Selections,"https://res.cloudinary.com/dbrxbvovs/image/upload/c_pad,b_white,w_1200,h_630,f_jpg,q_auto/v1789773281/ecommerce/products/wc-2710-hasselnotter-0714.jpg",
https://www.mattheosselections.com/en/product/tallhonung,200,indexable,Pine Honey — Mattheos Selections,32,"• Nutritious and contains high levels of minerals. • Low sugar content, crystallizes slowly. • Has a distinctive taste and is used for colds. • Produced…",153,1,Pine Honey,https://www.mattheosselections.com/en/product/tallhonung,en=https://www.mattheosselections.com/en/product/tallhonung | sv=https://www.mattheosselections.com/sv/product/tallhonung | el=https://www.mattheosselections.com/el/product/tallhonung | x-default=https://www.mattheosselections.com/en/product/tallhonung,https://www.mattheosselections.com/en/product/tallhonung,Pine Honey — Mattheos Selections,"https://res.cloudinary.com/dbrxbvovs/image/upload/c_pad,b_white,w_1200,h_630,f_jpg,q_auto/v1789773271/ecommerce/products/wc-2703-tall450g0306.jpg",
https://www.mattheosselections.com/en/product/oreganohonung,200,indexable,Oregano Honey — Mattheos Selections,35,• Used to strengthen the immune system and treat the respiratory system. • Rich in minerals and antioxidants. Our Oregano Honey is a single-source raw honey…,157,1,Oregano Honey,https://www.mattheosselections.com/en/product/oreganohonung,en=https://www.mattheosselections.com/en/product/oreganohonung | sv=https://www.mattheosselections.com/sv/product/oreganohonung | el=https://www.mattheosselections.com/el/product/oreganohonung | x-default=https://www.mattheosselections.com/en/product/oreganohonung,https://www.mattheosselections.com/en/product/oreganohonung,Oregano Honey — Mattheos Selections,"https://res.cloudinary.com/dbrxbvovs/image/upload/c_pad,b_white,w_1200,h_630,f_jpg,q_auto/v1789773275/ecommerce/products/wc-2702-oregano450g0318.jpg",
https://www.mattheosselections.com/en/product/ekhonung,200,indexable,Oak Honey — Mattheos Selections,31,• Dark honey with aromas of bitter caramel and oak fruit. • Rich in antioxidants and enzymes that strengthen metabolism. • Helps against stomach problems and…,158,1,Oak Honey,https://www.mattheosselections.com/en/product/ekhonung,en=https://www.mattheosselections.com/en/product/ekhonung | sv=https://www.mattheosselections.com/sv/product/ekhonung | el=https://www.mattheosselections.com/el/product/ekhonung | x-default=https://www.mattheosselections.com/en/product/ekhonung,https://www.mattheosselections.com/en/product/ekhonung,Oak Honey — Mattheos Selections,"https://res.cloudinary.com/dbrxbvovs/image/upload/c_pad,b_white,w_1200,h_630,f_jpg,q_auto/v1789773266/ecommerce/products/wc-2694-ek450g0315.jpg",
https://www.mattheosselections.com/en/product/adelgrannshonung,200,indexable,Fir Tree Honey — Mattheos Selections,36,"Noble fir honey is a rare and aromatic honey with a deep and rich flavor profile. Unlike flower honey, it is extracted from honeydew formed on spruce trees,…",157,1,Fir Tree Honey,https://www.mattheosselections.com/en/product/adelgrannshonung,en=https://www.mattheosselections.com/en/product/adelgrannshonung | sv=https://www.mattheosselections.com/sv/product/adelgrannshonung | el=https://www.mattheosselections.com/el/product/adelgrannshonung | x-default=https://www.mattheosselections.com/en/product/adelgrannshonung,https://www.mattheosselections.com/en/product/adelgrannshonung,Fir Tree Honey — Mattheos Selections,"https://res.cloudinary.com/dbrxbvovs/image/upload/c_pad,b_white,w_1200,h_630,f_jpg,q_auto/v1789773260/ecommerce/products/wc-2688-fir450g0312.jpg",
https://www.mattheosselections.com/en/product/naturbox-superfoodblandning,200,indexable,Naturbox Superfood Honey Blend — Mattheos Selections,52,"Nature at its most delicious the Naturbox Superfood Honey Blend is a thoughtfully curated collection of three exceptional honey varieties, each offering its…",157,1,Naturbox Superfood Honey Blend,https://www.mattheosselections.com/en/product/naturbox-superfoodblandning,en=https://www.mattheosselections.com/en/product/naturbox-superfoodblandning | sv=https://www.mattheosselections.com/sv/product/naturbox-superfoodblandning | el=https://www.mattheosselections.com/el/product/naturbox-superfoodblandning | x-default=https://www.mattheosselections.com/en/product/naturbox-superfoodblandning,https://www.mattheosselections.com/en/product/naturbox-superfoodblandning,Naturbox Superfood Honey Blend — Mattheos Selections,"https://res.cloudinary.com/dbrxbvovs/image/upload/c_pad,b_white,w_1200,h_630,f_jpg,q_auto/v1789773296/ecommerce/products/wc-2708-superfoodblandning-0680.jpg",
https://www.mattheosselections.com/en/product/naturbox-kraftfull-honungsblandning,200,indexable,Naturbox – Powerful Honey Blend — Mattheos Selections,53,"The Naturbox Powerful Honey Blend brings together five carefully selected, premium Greek honey varieties in one beautifully presented natural gift box. Each…",157,1,Naturbox – Powerful Honey Blend,https://www.mattheosselections.com/en/product/naturbox-kraftfull-honungsblandning,en=https://www.mattheosselections.com/en/product/naturbox-kraftfull-honungsblandning | sv=https://www.mattheosselections.com/sv/product/naturbox-kraftfull-honungsblandning | el=https://www.mattheosselections.com/el/product/naturbox-kraftfull-honungsblandning | x-default=https://www.mattheosselections.com/en/product/naturbox-kraftfull-honungsblandning,https://www.mattheosselections.com/en/product/naturbox-kraftfull-honungsblandning,Naturbox – Powerful Honey Blend — Mattheos Selections,"https://res.cloudinary.com/dbrxbvovs/image/upload/c_pad,b_white,w_1200,h_630,f_jpg,q_auto/v1789773297/ecommerce/products/wc-2705-kraftfull-2-0722.jpg",
https://www.mattheosselections.com/en/product/natuthos-omalisk-honangstrin,200,indexable,"Naturbox: Flowers & Herbs Honey, Oregano Honey & Thyme Honey — Mattheos Selections",82,Some gifts say more than words ever can. This one says it with honey. Naturbox Aromatic Honey Trio is a carefully selected collection of three pure Greek honey…,160,1,"Naturbox: Flowers & Herbs Honey, Oregano Honey & Thyme Honey",https://www.mattheosselections.com/en/product/natuthos-omalisk-honangstrin,en=https://www.mattheosselections.com/en/product/natuthos-omalisk-honangstrin | sv=https://www.mattheosselections.com/sv/product/natuthos-omalisk-honangstrin | el=https://www.mattheosselections.com/el/product/natuthos-omalisk-honangstrin | x-default=https://www.mattheosselections.com/en/product/natuthos-omalisk-honangstrin,https://www.mattheosselections.com/en/product/natuthos-omalisk-honangstrin,"Naturbox: Flowers & Herbs Honey, Oregano Honey & Thyme Honey — Mattheos Selections","https://res.cloudinary.com/dbrxbvovs/image/upload/c_pad,b_white,w_1200,h_630,f_jpg,q_auto/v1789773294/ecommerce/products/wc-2709-aromatisk-trio-0661.jpg",
https://www.mattheosselections.com/en/product/timjanhonung,200,indexable,Thyme Honey — Mattheos Selections,33,Thyme honey demonstrates exactly why it is so highly prized. Produced by bees foraging on wild thyme that grows naturally across Greece's sun-drenched…,151,1,Thyme Honey,https://www.mattheosselections.com/en/product/timjanhonung,en=https://www.mattheosselections.com/en/product/timjanhonung | sv=https://www.mattheosselections.com/sv/product/timjanhonung | el=https://www.mattheosselections.com/el/product/timjanhonung | x-default=https://www.mattheosselections.com/en/product/timjanhonung,https://www.mattheosselections.com/en/product/timjanhonung,Thyme Honey — Mattheos Selections,"https://res.cloudinary.com/dbrxbvovs/image/upload/c_pad,b_white,w_1200,h_630,f_jpg,q_auto/v1789773254/ecommerce/products/wc-2699-timjan450g0321.jpg",
https://www.mattheosselections.com/en/product/blomster-orthonung,200,indexable,Flower & Herbal Honey — Mattheos Selections,43,Herbal and floral honey is a delicate and aromatic honey with a multifaceted flavor profile. It is collected from bees that pollinate a mixture of wild herbs…,158,1,Flower & Herbal Honey,https://www.mattheosselections.com/en/product/blomster-orthonung,en=https://www.mattheosselections.com/en/product/blomster-orthonung | sv=https://www.mattheosselections.com/sv/product/blomster-orthonung | el=https://www.mattheosselections.com/el/product/blomster-orthonung | x-default=https://www.mattheosselections.com/en/product/blomster-orthonung,https://www.mattheosselections.com/en/product/blomster-orthonung,Flower & Herbal Honey — Mattheos Selections,"https://res.cloudinary.com/dbrxbvovs/image/upload/c_pad,b_white,w_1200,h_630,f_jpg,q_auto/v1789773249/ecommerce/products/wc-2691-blomster450g0310.jpg",
https://www.mattheosselections.com/en/product/naturbox-hela-upplevelsen,200,indexable,Naturbox: The Whole Experience 11-Piece Set — Mattheos Selections,65,"Naturbox: The Whole Experience is our most comprehensive Greek honey gift set—an eleven-piece collection bringing together nine unique varieties of raw honey,…",159,1,Naturbox: The Whole Experience 11-Piece Set,https://www.mattheosselections.com/en/product/naturbox-hela-upplevelsen,en=https://www.mattheosselections.com/en/product/naturbox-hela-upplevelsen | sv=https://www.mattheosselections.com/sv/product/naturbox-hela-upplevelsen | el=https://www.mattheosselections.com/el/product/naturbox-hela-upplevelsen | x-default=https://www.mattheosselections.com/en/product/naturbox-hela-upplevelsen,https://www.mattheosselections.com/en/product/naturbox-hela-upplevelsen,Naturbox: The Whole Experience 11-Piece Set — Mattheos Selections,"https://res.cloudinary.com/dbrxbvovs/image/upload/c_pad,b_white,w_1200,h_630,f_jpg,q_auto/v1789773293/ecommerce/products/wc-2721-hela-upplevelsen-0822.jpg",
https://www.mattheosselections.com/el/product/akesis-honey-with-hazelnut,200,indexable,Μέλι με φουντούκια — Mattheos Selections,40,"Υπάρχουν λιχουδιές που σε κάνουν να σταματήσεις και να απολαύσεις τη στιγμή. Αυτή είναι μία από αυτές. Το μέλι μας με φουντούκια είναι ένα απλό, αγνό μείγμα…",157,1,Μέλι με φουντούκια,https://www.mattheosselections.com/el/product/akesis-honey-with-hazelnut,en=https://www.mattheosselections.com/en/product/akesis-honey-with-hazelnut | sv=https://www.mattheosselections.com/sv/product/akesis-honey-with-hazelnut | el=https://www.mattheosselections.com/el/product/akesis-honey-with-hazelnut | x-default=https://www.mattheosselections.com/en/product/akesis-honey-with-hazelnut,https://www.mattheosselections.com/el/product/akesis-honey-with-hazelnut,Μέλι με φουντούκια — Mattheos Selections,"https://res.cloudinary.com/dbrxbvovs/image/upload/c_pad,b_white,w_1200,h_630,f_jpg,q_auto/v1789773281/ecommerce/products/wc-2710-hasselnotter-0714.jpg",
https://www.mattheosselections.com/el/product/oreganohonung,200,indexable,Μέλι ρίγανης — Mattheos Selections,34,• Χρησιμοποιείται για την ενίσχυση του ανοσοποιητικού συστήματος και τη φροντίδα του αναπνευστικού. • Πλούσιο σε μέταλλα και αντιοξειδωτικά. Το μέλι ρίγανης…,157,1,Μέλι ρίγανης,https://www.mattheosselections.com/el/product/oreganohonung,en=https://www.mattheosselections.com/en/product/oreganohonung | sv=https://www.mattheosselections.com/sv/product/oreganohonung | el=https://www.mattheosselections.com/el/product/oreganohonung | x-default=https://www.mattheosselections.com/en/product/oreganohonung,https://www.mattheosselections.com/el/product/oreganohonung,Μέλι ρίγανης — Mattheos Selections,"https://res.cloudinary.com/dbrxbvovs/image/upload/c_pad,b_white,w_1200,h_630,f_jpg,q_auto/v1789773275/ecommerce/products/wc-2702-oregano450g0318.jpg",
https://www.mattheosselections.com/el/product/tallhonung,200,indexable,Μέλι πεύκου — Mattheos Selections,33,"• Θρεπτικό και πλούσιο σε μέταλλα. • Χαμηλή περιεκτικότητα σε σάκχαρα, κρυσταλλώνει αργά. • Διαθέτει ξεχωριστή γεύση και χρησιμοποιείται για την αντιμετώπιση…",158,1,Μέλι πεύκου,https://www.mattheosselections.com/el/product/tallhonung,en=https://www.mattheosselections.com/en/product/tallhonung | sv=https://www.mattheosselections.com/sv/product/tallhonung | el=https://www.mattheosselections.com/el/product/tallhonung | x-default=https://www.mattheosselections.com/en/product/tallhonung,https://www.mattheosselections.com/el/product/tallhonung,Μέλι πεύκου — Mattheos Selections,"https://res.cloudinary.com/dbrxbvovs/image/upload/c_pad,b_white,w_1200,h_630,f_jpg,q_auto/v1789773271/ecommerce/products/wc-2703-tall450g0306.jpg",
https://www.mattheosselections.com/el/product/ekhonung,200,indexable,Μέλι βελανιδιάς — Mattheos Selections,37,• Σκούρο μέλι με αρώματα πικρής καραμέλας και νότες δρυός. • Πλούσιο σε αντιοξειδωτικά και ένζυμα που ενισχύουν τον μεταβολισμό. • Βοηθά στην αντιμετώπιση…,155,1,Μέλι βελανιδιάς,https://www.mattheosselections.com/el/product/ekhonung,en=https://www.mattheosselections.com/en/product/ekhonung | sv=https://www.mattheosselections.com/sv/product/ekhonung | el=https://www.mattheosselections.com/el/product/ekhonung | x-default=https://www.mattheosselections.com/en/product/ekhonung,https://www.mattheosselections.com/el/product/ekhonung,Μέλι βελανιδιάς — Mattheos Selections,"https://res.cloudinary.com/dbrxbvovs/image/upload/c_pad,b_white,w_1200,h_630,f_jpg,q_auto/v1789773266/ecommerce/products/wc-2694-ek450g0315.jpg",
https://www.mattheosselections.com/el/product/adelgrannshonung,200,indexable,Μέλι ελάτης — Mattheos Selections,33,"Το μέλι ελάτης είναι ένα σπάνιο και αρωματικό μέλι με βαθιά και πλούσια γεύση. Σε αντίθεση με το ανθόμελο, παράγεται από το μελίτωμα που σχηματίζεται στα…",154,1,Μέλι ελάτης,https://www.mattheosselections.com/el/product/adelgrannshonung,en=https://www.mattheosselections.com/en/product/adelgrannshonung | sv=https://www.mattheosselections.com/sv/product/adelgrannshonung | el=https://www.mattheosselections.com/el/product/adelgrannshonung | x-default=https://www.mattheosselections.com/en/product/adelgrannshonung,https://www.mattheosselections.com/el/product/adelgrannshonung,Μέλι ελάτης — Mattheos Selections,"https://res.cloudinary.com/dbrxbvovs/image/upload/c_pad,b_white,w_1200,h_630,f_jpg,q_auto/v1789773260/ecommerce/products/wc-2688-fir450g0312.jpg",
https://www.mattheosselections.com/el/product/naturbox-kraftfull-honungsblandning,200,indexable,Naturbox – Ισχυρό Μείγμα Μελιού — Mattheos Selections,53,"Η συλλογή «Naturbox Powerful Honey Blend» συγκεντρώνει πέντε προσεκτικά επιλεγμένες, κορυφαίες ποικιλίες ελληνικού μελιού σε ένα καλαίσθητο φυσικό κουτί δώρου.…",160,1,Naturbox – Ισχυρό Μείγμα Μελιού,https://www.mattheosselections.com/el/product/naturbox-kraftfull-honungsblandning,en=https://www.mattheosselections.com/en/product/naturbox-kraftfull-honungsblandning | sv=https://www.mattheosselections.com/sv/product/naturbox-kraftfull-honungsblandning | el=https://www.mattheosselections.com/el/product/naturbox-kraftfull-honungsblandning | x-default=https://www.mattheosselections.com/en/product/naturbox-kraftfull-honungsblandning,https://www.mattheosselections.com/el/product/naturbox-kraftfull-honungsblandning,Naturbox – Ισχυρό Μείγμα Μελιού — Mattheos Selections,"https://res.cloudinary.com/dbrxbvovs/image/upload/c_pad,b_white,w_1200,h_630,f_jpg,q_auto/v1789773297/ecommerce/products/wc-2705-kraftfull-2-0722.jpg",
https://www.mattheosselections.com/el/product/naturbox-superfoodblandning,200,indexable,Naturbox Μείγμα Μελιού με Υπερτροφές — Mattheos Selections,58,Η φύση στην πιο απολαυστική της μορφή: το Naturbox Superfood Honey Blend είναι μια προσεκτικά επιλεγμένη συλλογή τριών εξαιρετικών ποικιλιών μελιού. Κάθε μία…,158,1,Naturbox Μείγμα Μελιού με Υπερτροφές,https://www.mattheosselections.com/el/product/naturbox-superfoodblandning,en=https://www.mattheosselections.com/en/product/naturbox-superfoodblandning | sv=https://www.mattheosselections.com/sv/product/naturbox-superfoodblandning | el=https://www.mattheosselections.com/el/product/naturbox-superfoodblandning | x-default=https://www.mattheosselections.com/en/product/naturbox-superfoodblandning,https://www.mattheosselections.com/el/product/naturbox-superfoodblandning,Naturbox Μείγμα Μελιού με Υπερτροφές — Mattheos Selections,"https://res.cloudinary.com/dbrxbvovs/image/upload/c_pad,b_white,w_1200,h_630,f_jpg,q_auto/v1789773296/ecommerce/products/wc-2708-superfoodblandning-0680.jpg",
https://www.mattheosselections.com/el/product/natuthos-omalisk-honangstrin,200,indexable,"Naturbox: Μέλι από άνθη & βότανα, μέλι ρίγανης & μέλι θυμαριού — Mattheos Selections",84,Υπάρχουν δώρα που λένε περισσότερα από όσα θα μπορούσαν ποτέ οι λέξεις. Αυτό το δώρο το εκφράζει μέσα από το μέλι. Το Naturbox Aromatic Honey Trio είναι μια…,157,1,"Naturbox: Μέλι από άνθη & βότανα, μέλι ρίγανης & μέλι θυμαριού",https://www.mattheosselections.com/el/product/natuthos-omalisk-honangstrin,en=https://www.mattheosselections.com/en/product/natuthos-omalisk-honangstrin | sv=https://www.mattheosselections.com/sv/product/natuthos-omalisk-honangstrin | el=https://www.mattheosselections.com/el/product/natuthos-omalisk-honangstrin | x-default=https://www.mattheosselections.com/en/product/natuthos-omalisk-honangstrin,https://www.mattheosselections.com/el/product/natuthos-omalisk-honangstrin,"Naturbox: Μέλι από άνθη & βότανα, μέλι ρίγανης & μέλι θυμαριού — Mattheos Selections","https://res.cloudinary.com/dbrxbvovs/image/upload/c_pad,b_white,w_1200,h_630,f_jpg,q_auto/v1789773294/ecommerce/products/wc-2709-aromatisk-trio-0661.jpg",
https://www.mattheosselections.com/el/product/timjanhonung,200,indexable,Θυμαρίσιο μέλι — Mattheos Selections,36,Το θυμαρίσιο μέλι αποδεικνύει περίτρανα γιατί θεωρείται τόσο πολύτιμο. Παραγόμενο από μέλισσες που συλλέγουν νέκταρ από το άγριο θυμάρι –το οποίο φύεται φυσικά…,160,1,Θυμαρίσιο μέλι,https://www.mattheosselections.com/el/product/timjanhonung,en=https://www.mattheosselections.com/en/product/timjanhonung | sv=https://www.mattheosselections.com/sv/product/timjanhonung | el=https://www.mattheosselections.com/el/product/timjanhonung | x-default=https://www.mattheosselections.com/en/product/timjanhonung,https://www.mattheosselections.com/el/product/timjanhonung,Θυμαρίσιο μέλι — Mattheos Selections,"https://res.cloudinary.com/dbrxbvovs/image/upload/c_pad,b_white,w_1200,h_630,f_jpg,q_auto/v1789773254/ecommerce/products/wc-2699-timjan450g0321.jpg",
https://www.mattheosselections.com/el/product/blomster-orthonung,200,indexable,Μέλι ανθέων και βοτάνων — Mattheos Selections,45,"Το μέλι από βότανα και αγριολούλουδα είναι ένα εκλεκτό, αρωματικό μέλι με πολυδιάστατο γευστικό προφίλ. Συλλέγεται από μέλισσες που επισκέπτονται μια ποικιλία…",159,1,Μέλι ανθέων και βοτάνων,https://www.mattheosselections.com/el/product/blomster-orthonung,en=https://www.mattheosselections.com/en/product/blomster-orthonung | sv=https://www.mattheosselections.com/sv/product/blomster-orthonung | el=https://www.mattheosselections.com/el/product/blomster-orthonung | x-default=https://www.mattheosselections.com/en/product/blomster-orthonung,https://www.mattheosselections.com/el/product/blomster-orthonung,Μέλι ανθέων και βοτάνων — Mattheos Selections,"https://res.cloudinary.com/dbrxbvovs/image/upload/c_pad,b_white,w_1200,h_630,f_jpg,q_auto/v1789773249/ecommerce/products/wc-2691-blomster450g0310.jpg",
https://www.mattheosselections.com/el/product/naturbox-hela-upplevelsen,200,indexable,Naturbox: Σετ 11 τεμαχίων για την ολοκληρωμένη εμπειρία — Mattheos Selections,77,Το Naturbox: The Whole Experience είναι το πιο ολοκληρωμένο σετ δώρου με ελληνικό μέλι που διαθέτουμε — μια συλλογή έντεκα προϊόντων που συγκεντρώνει εννέα…,156,1,Naturbox: Σετ 11 τεμαχίων για την ολοκληρωμένη εμπειρία,https://www.mattheosselections.com/el/product/naturbox-hela-upplevelsen,en=https://www.mattheosselections.com/en/product/naturbox-hela-upplevelsen | sv=https://www.mattheosselections.com/sv/product/naturbox-hela-upplevelsen | el=https://www.mattheosselections.com/el/product/naturbox-hela-upplevelsen | x-default=https://www.mattheosselections.com/en/product/naturbox-hela-upplevelsen,https://www.mattheosselections.com/el/product/naturbox-hela-upplevelsen,Naturbox: Σετ 11 τεμαχίων για την ολοκληρωμένη εμπειρία — Mattheos Selections,"https://res.cloudinary.com/dbrxbvovs/image/upload/c_pad,b_white,w_1200,h_630,f_jpg,q_auto/v1789773293/ecommerce/products/wc-2721-hela-upplevelsen-0822.jpg",
