url,type,name,sku,brand,category,images,offers,shown_price,breadcrumb,issues
https://www.mattheosselections.com/sv/shop/honungsskapelser,BreadcrumbList,,,,,0,,130,Hem (https://www.mattheosselections.com/sv) | Butik (https://www.mattheosselections.com/sv/shop) | Honungsskapelser (https://www.mattheosselections.com/sv/shop/honungsskapelser),
https://www.mattheosselections.com/sv/shop/biprodukter,BreadcrumbList,,,,,0,,280,Hem (https://www.mattheosselections.com/sv) | Butik (https://www.mattheosselections.com/sv/shop) | Biprodukter (https://www.mattheosselections.com/sv/shop/biprodukter),
https://www.mattheosselections.com/sv/product/jordgubbstrad-honung,Product | BreadcrumbList,Honung från smultronträd,jordgubbstrad-honung,Mattheos Selections,Rå honung,1,250 g 180.00 SEK InStock NewCondition,180,Hem (https://www.mattheosselections.com/sv) | Butik (https://www.mattheosselections.com/sv/shop) | Rå honung (https://www.mattheosselections.com/sv/shop/ra-honung) | Honung från smultronträd (https://www.mattheosselections.com/sv/product/jordgubbstrad-honung),
https://www.mattheosselections.com/sv/product/propolis,Product | BreadcrumbList,Naturligt propolisextrakt,propolis,Mattheos Selections,Biprodukter,1,30 ml 280.00 SEK InStock NewCondition,280,Hem (https://www.mattheosselections.com/sv) | Butik (https://www.mattheosselections.com/sv/shop) | Biprodukter (https://www.mattheosselections.com/sv/shop/biprodukter) | Naturligt propolisextrakt (https://www.mattheosselections.com/sv/product/propolis),
https://www.mattheosselections.com/sv/product/naturbox-honung-och-propolis-mattheos-selections,Product | BreadcrumbList,Naturbox presentförpackning med honung och propolis,naturbox-honung-och-propolis-mattheos-selections,Mattheos Selections,Presentförpackningar,1,450 g + 250 g + 30 ml 790.00 SEK InStock NewCondition,790,Hem (https://www.mattheosselections.com/sv) | Butik (https://www.mattheosselections.com/sv/shop) | Presentförpackningar (https://www.mattheosselections.com/sv/shop/presentforpackningar) | Naturbox presentförpackning med honung och propolis (https://www.mattheosselections.com/sv/product/naturbox-honung-och-propolis-mattheos-selections),
https://www.mattheosselections.com/sv/product/honung-med-gurkmeja-och-ingefara,Product | BreadcrumbList,Honung med gurkmeja och ingefära,honung-med-gurkmeja-och-ingefara,Mattheos Selections,Honungsskapelser,1,200 g 130.00 SEK InStock NewCondition,130,Hem (https://www.mattheosselections.com/sv) | Butik (https://www.mattheosselections.com/sv/shop) | Honungsskapelser (https://www.mattheosselections.com/sv/shop/honungsskapelser) | Honung med gurkmeja och ingefära (https://www.mattheosselections.com/sv/product/honung-med-gurkmeja-och-ingefara),
https://www.mattheosselections.com/sv/product/naturbox-ek-timjan-tallhonung,Product | BreadcrumbList,"Naturbox: Honung med smak av ek, timjan och tall",naturbox-ek-timjan-tallhonung,Mattheos Selections,Presentförpackningar,1,3 × 450 g 390.00 SEK InStock NewCondition,390,"Hem (https://www.mattheosselections.com/sv) | Butik (https://www.mattheosselections.com/sv/shop) | Presentförpackningar (https://www.mattheosselections.com/sv/shop/presentforpackningar) | Naturbox: Honung med smak av ek, timjan och tall (https://www.mattheosselections.com/sv/product/naturbox-ek-timjan-tallhonung)",
https://www.mattheosselections.com/sv/product/jungfru-olivolja-extra-virgin-olive-oil,Product | BreadcrumbList,Extra jungfruolivolja,jungfru-olivolja-extra-virgin-olive-oil,Mattheos Selections,Naturliga specialiteter,1,250 ml 149.00 SEK InStock NewCondition | 500 ml 249.00 SEK InStock NewCondition,149,Hem (https://www.mattheosselections.com/sv) | Butik (https://www.mattheosselections.com/sv/shop) | Naturliga specialiteter (https://www.mattheosselections.com/sv/shop/naturliga-specialiteter) | Extra jungfruolivolja (https://www.mattheosselections.com/sv/product/jungfru-olivolja-extra-virgin-olive-oil),
https://www.mattheosselections.com/sv/product/honung-med-guld,Product | BreadcrumbList,Honung med ätbart guld,honung-med-guld,Mattheos Selections,Honungsskapelser,1,450 g 490.00 SEK InStock NewCondition,490,Hem (https://www.mattheosselections.com/sv) | Butik (https://www.mattheosselections.com/sv/shop) | Honungsskapelser (https://www.mattheosselections.com/sv/shop/honungsskapelser) | Honung med ätbart guld (https://www.mattheosselections.com/sv/product/honung-med-guld),
https://www.mattheosselections.com/sv/product/bivaxkram,Product | BreadcrumbList,Bivaxkräm,bivaxkram,Mattheos Selections,Naturliga specialiteter,1,50 ml 150.00 SEK InStock NewCondition,150,Hem (https://www.mattheosselections.com/sv) | Butik (https://www.mattheosselections.com/sv/shop) | Naturliga specialiteter (https://www.mattheosselections.com/sv/shop/naturliga-specialiteter) | Bivaxkräm (https://www.mattheosselections.com/sv/product/bivaxkram),
https://www.mattheosselections.com/sv/shop/ra-honung,BreadcrumbList,,,,,0,,180,Hem (https://www.mattheosselections.com/sv) | Butik (https://www.mattheosselections.com/sv/shop) | Rå honung (https://www.mattheosselections.com/sv/shop/ra-honung),
https://www.mattheosselections.com/en/shop/biprodukter,BreadcrumbList,,,,,0,,280,Home (https://www.mattheosselections.com/en) | Shop (https://www.mattheosselections.com/en/shop) | Bee Products (https://www.mattheosselections.com/en/shop/biprodukter),
https://www.mattheosselections.com/en/shop/honungsskapelser,BreadcrumbList,,,,,0,,130,Home (https://www.mattheosselections.com/en) | Shop (https://www.mattheosselections.com/en/shop) | Honey Creations (https://www.mattheosselections.com/en/shop/honungsskapelser),
https://www.mattheosselections.com/sv/shop/naturliga-specialiteter,BreadcrumbList,,,,,0,,149,Hem (https://www.mattheosselections.com/sv) | Butik (https://www.mattheosselections.com/sv/shop) | Naturliga specialiteter (https://www.mattheosselections.com/sv/shop/naturliga-specialiteter),
https://www.mattheosselections.com/en/product/jordgubbstrad-honung,Product | BreadcrumbList,Strawberry Tree Honey,jordgubbstrad-honung,Mattheos Selections,Raw Honey,1,250 g 180.00 SEK InStock NewCondition,180,Home (https://www.mattheosselections.com/en) | Shop (https://www.mattheosselections.com/en/shop) | Raw Honey (https://www.mattheosselections.com/en/shop/ra-honung) | Strawberry Tree Honey (https://www.mattheosselections.com/en/product/jordgubbstrad-honung),
https://www.mattheosselections.com/en/product/naturbox-honung-och-propolis-mattheos-selections,Product | BreadcrumbList,Naturbox Honey & Propolis Gift Set,naturbox-honung-och-propolis-mattheos-selections,Mattheos Selections,Gift Sets,1,450 g + 250 g + 30 ml 790.00 SEK InStock NewCondition,790,Home (https://www.mattheosselections.com/en) | Shop (https://www.mattheosselections.com/en/shop) | Gift Sets (https://www.mattheosselections.com/en/shop/presentforpackningar) | Naturbox Honey & Propolis Gift Set (https://www.mattheosselections.com/en/product/naturbox-honung-och-propolis-mattheos-selections),
https://www.mattheosselections.com/en/product/propolis,Product | BreadcrumbList,Natural Propolis Extract,propolis,Mattheos Selections,Bee Products,1,30 ml 280.00 SEK InStock NewCondition,280,Home (https://www.mattheosselections.com/en) | Shop (https://www.mattheosselections.com/en/shop) | Bee Products (https://www.mattheosselections.com/en/shop/biprodukter) | Natural Propolis Extract (https://www.mattheosselections.com/en/product/propolis),
https://www.mattheosselections.com/en/product/honung-med-gurkmeja-och-ingefara,Product | BreadcrumbList,Honey with Turmeric and Ginger,honung-med-gurkmeja-och-ingefara,Mattheos Selections,Honey Creations,1,200 g 130.00 SEK InStock NewCondition,130,Home (https://www.mattheosselections.com/en) | Shop (https://www.mattheosselections.com/en/shop) | Honey Creations (https://www.mattheosselections.com/en/shop/honungsskapelser) | Honey with Turmeric and Ginger (https://www.mattheosselections.com/en/product/honung-med-gurkmeja-och-ingefara),
https://www.mattheosselections.com/en/product/naturbox-ek-timjan-tallhonung,Product | BreadcrumbList,"Naturbox: Oak, Thyme & Pine Honey",naturbox-ek-timjan-tallhonung,Mattheos Selections,Gift Sets,1,3 × 450 g 390.00 SEK InStock NewCondition,390,"Home (https://www.mattheosselections.com/en) | Shop (https://www.mattheosselections.com/en/shop) | Gift Sets (https://www.mattheosselections.com/en/shop/presentforpackningar) | Naturbox: Oak, Thyme & Pine Honey (https://www.mattheosselections.com/en/product/naturbox-ek-timjan-tallhonung)",
https://www.mattheosselections.com/en/product/jungfru-olivolja-extra-virgin-olive-oil,Product | BreadcrumbList,Extra Virgin Olive Oil,jungfru-olivolja-extra-virgin-olive-oil,Mattheos Selections,Natural Specialities,1,250 ml 149.00 SEK InStock NewCondition | 500 ml 249.00 SEK InStock NewCondition,149,Home (https://www.mattheosselections.com/en) | Shop (https://www.mattheosselections.com/en/shop) | Natural Specialities (https://www.mattheosselections.com/en/shop/naturliga-specialiteter) | Extra Virgin Olive Oil (https://www.mattheosselections.com/en/product/jungfru-olivolja-extra-virgin-olive-oil),
https://www.mattheosselections.com/en/product/honung-med-guld,Product | BreadcrumbList,Honey with Edible Gold,honung-med-guld,Mattheos Selections,Honey Creations,1,450 g 490.00 SEK InStock NewCondition,490,Home (https://www.mattheosselections.com/en) | Shop (https://www.mattheosselections.com/en/shop) | Honey Creations (https://www.mattheosselections.com/en/shop/honungsskapelser) | Honey with Edible Gold (https://www.mattheosselections.com/en/product/honung-med-guld),
https://www.mattheosselections.com/en/product/bivaxkram,Product | BreadcrumbList,Beeswax Cream,bivaxkram,Mattheos Selections,Natural Specialities,1,50 ml 150.00 SEK InStock NewCondition,150,Home (https://www.mattheosselections.com/en) | Shop (https://www.mattheosselections.com/en/shop) | Natural Specialities (https://www.mattheosselections.com/en/shop/naturliga-specialiteter) | Beeswax Cream (https://www.mattheosselections.com/en/product/bivaxkram),
https://www.mattheosselections.com/sv/shop/presentforpackningar,BreadcrumbList,,,,,0,,790,Hem (https://www.mattheosselections.com/sv) | Butik (https://www.mattheosselections.com/sv/shop) | Presentförpackningar (https://www.mattheosselections.com/sv/shop/presentforpackningar),
https://www.mattheosselections.com/en/shop/ra-honung,BreadcrumbList,,,,,0,,180,Home (https://www.mattheosselections.com/en) | Shop (https://www.mattheosselections.com/en/shop) | Raw Honey (https://www.mattheosselections.com/en/shop/ra-honung),
https://www.mattheosselections.com/en/shop/naturliga-specialiteter,BreadcrumbList,,,,,0,,149,Home (https://www.mattheosselections.com/en) | Shop (https://www.mattheosselections.com/en/shop) | Natural Specialities (https://www.mattheosselections.com/en/shop/naturliga-specialiteter),
https://www.mattheosselections.com/en/shop/presentforpackningar,BreadcrumbList,,,,,0,,790,Home (https://www.mattheosselections.com/en) | Shop (https://www.mattheosselections.com/en/shop) | Gift Sets (https://www.mattheosselections.com/en/shop/presentforpackningar),
https://www.mattheosselections.com/el/shop/honungsskapelser,BreadcrumbList,,,,,0,,130,Αρχική (https://www.mattheosselections.com/el) | Κατάστημα (https://www.mattheosselections.com/el/shop) | Δημιουργίες με Μέλι (https://www.mattheosselections.com/el/shop/honungsskapelser),
https://www.mattheosselections.com/el/shop/biprodukter,BreadcrumbList,,,,,0,,280,Αρχική (https://www.mattheosselections.com/el) | Κατάστημα (https://www.mattheosselections.com/el/shop) | Προϊόντα μέλισσας (https://www.mattheosselections.com/el/shop/biprodukter),
https://www.mattheosselections.com/el/product/jordgubbstrad-honung,Product | BreadcrumbList,Μέλι κουμαριάς,jordgubbstrad-honung,Mattheos Selections,ακατέργαστο μέλι,1,250g 180.00 SEK InStock NewCondition,180,Αρχική (https://www.mattheosselections.com/el) | Κατάστημα (https://www.mattheosselections.com/el/shop) | ακατέργαστο μέλι (https://www.mattheosselections.com/el/shop/ra-honung) | Μέλι κουμαριάς (https://www.mattheosselections.com/el/product/jordgubbstrad-honung),
https://www.mattheosselections.com/el/product/naturbox-honung-och-propolis-mattheos-selections,Product | BreadcrumbList,Σετ Δώρου Naturbox με Μέλι & Πρόπολη,naturbox-honung-och-propolis-mattheos-selections,Mattheos Selections,Σετ δώρου,1,450 g + 250 g + 30 ml 790.00 SEK InStock NewCondition,790,Αρχική (https://www.mattheosselections.com/el) | Κατάστημα (https://www.mattheosselections.com/el/shop) | Σετ δώρου (https://www.mattheosselections.com/el/shop/presentforpackningar) | Σετ Δώρου Naturbox με Μέλι & Πρόπολη (https://www.mattheosselections.com/el/product/naturbox-honung-och-propolis-mattheos-selections),
https://www.mattheosselections.com/el/product/propolis,Product | BreadcrumbList,Φυσικό εκχύλισμα πρόπολης,propolis,Mattheos Selections,Προϊόντα μέλισσας,1,30 ml 280.00 SEK InStock NewCondition,280,Αρχική (https://www.mattheosselections.com/el) | Κατάστημα (https://www.mattheosselections.com/el/shop) | Προϊόντα μέλισσας (https://www.mattheosselections.com/el/shop/biprodukter) | Φυσικό εκχύλισμα πρόπολης (https://www.mattheosselections.com/el/product/propolis),
https://www.mattheosselections.com/el/product/honung-med-gurkmeja-och-ingefara,Product | BreadcrumbList,Μέλι με κουρκουμά και τζίντζερ,honung-med-gurkmeja-och-ingefara,Mattheos Selections,Δημιουργίες με Μέλι,1,200g 130.00 SEK InStock NewCondition,130,Αρχική (https://www.mattheosselections.com/el) | Κατάστημα (https://www.mattheosselections.com/el/shop) | Δημιουργίες με Μέλι (https://www.mattheosselections.com/el/shop/honungsskapelser) | Μέλι με κουρκουμά και τζίντζερ (https://www.mattheosselections.com/el/product/honung-med-gurkmeja-och-ingefara),
https://www.mattheosselections.com/el/product/naturbox-ek-timjan-tallhonung,Product | BreadcrumbList,"Naturbox: Μέλι βελανιδιάς, θυμαριού και πεύκου",naturbox-ek-timjan-tallhonung,Mattheos Selections,Σετ δώρου,1,3 × 450 g 390.00 SEK InStock NewCondition,390,"Αρχική (https://www.mattheosselections.com/el) | Κατάστημα (https://www.mattheosselections.com/el/shop) | Σετ δώρου (https://www.mattheosselections.com/el/shop/presentforpackningar) | Naturbox: Μέλι βελανιδιάς, θυμαριού και πεύκου (https://www.mattheosselections.com/el/product/naturbox-ek-timjan-tallhonung)",
https://www.mattheosselections.com/el/product/jungfru-olivolja-extra-virgin-olive-oil,Product | BreadcrumbList,Εξαιρετικό Παρθένο Ελαιόλαδο,jungfru-olivolja-extra-virgin-olive-oil,Mattheos Selections,Φυσικές Εξειδικεύσεις,1,250 ml 149.00 SEK InStock NewCondition | 500 ml 249.00 SEK InStock NewCondition,149,Αρχική (https://www.mattheosselections.com/el) | Κατάστημα (https://www.mattheosselections.com/el/shop) | Φυσικές Εξειδικεύσεις (https://www.mattheosselections.com/el/shop/naturliga-specialiteter) | Εξαιρετικό Παρθένο Ελαιόλαδο (https://www.mattheosselections.com/el/product/jungfru-olivolja-extra-virgin-olive-oil),
https://www.mattheosselections.com/el/shop/ra-honung,BreadcrumbList,,,,,0,,180,Αρχική (https://www.mattheosselections.com/el) | Κατάστημα (https://www.mattheosselections.com/el/shop) | ακατέργαστο μέλι (https://www.mattheosselections.com/el/shop/ra-honung),
https://www.mattheosselections.com/el/product/honung-med-guld,Product | BreadcrumbList,Μέλι με βρώσιμο χρυσό,honung-med-guld,Mattheos Selections,Δημιουργίες με Μέλι,1,450 g 490.00 SEK InStock NewCondition,490,Αρχική (https://www.mattheosselections.com/el) | Κατάστημα (https://www.mattheosselections.com/el/shop) | Δημιουργίες με Μέλι (https://www.mattheosselections.com/el/shop/honungsskapelser) | Μέλι με βρώσιμο χρυσό (https://www.mattheosselections.com/el/product/honung-med-guld),
https://www.mattheosselections.com/el/product/bivaxkram,Product | BreadcrumbList,Κρέμα με κερί μέλισσας,bivaxkram,Mattheos Selections,Φυσικές Εξειδικεύσεις,1,50ml 150.00 SEK InStock NewCondition,150,Αρχική (https://www.mattheosselections.com/el) | Κατάστημα (https://www.mattheosselections.com/el/shop) | Φυσικές Εξειδικεύσεις (https://www.mattheosselections.com/el/shop/naturliga-specialiteter) | Κρέμα με κερί μέλισσας (https://www.mattheosselections.com/el/product/bivaxkram),
https://www.mattheosselections.com/el/shop/naturliga-specialiteter,BreadcrumbList,,,,,0,,149,Αρχική (https://www.mattheosselections.com/el) | Κατάστημα (https://www.mattheosselections.com/el/shop) | Φυσικές Εξειδικεύσεις (https://www.mattheosselections.com/el/shop/naturliga-specialiteter),
https://www.mattheosselections.com/el/shop/presentforpackningar,BreadcrumbList,,,,,0,,790,Αρχική (https://www.mattheosselections.com/el) | Κατάστημα (https://www.mattheosselections.com/el/shop) | Σετ δώρου (https://www.mattheosselections.com/el/shop/presentforpackningar),
https://www.mattheosselections.com/sv/product/akesis-honey-with-hazelnut,Product | BreadcrumbList,Honung med hasselnötter,akesis-honey-with-hazelnut,Mattheos Selections,Honungsskapelser,1,250 g 150.00 SEK OutOfStock NewCondition,150,Hem (https://www.mattheosselections.com/sv) | Butik (https://www.mattheosselections.com/sv/shop) | Honungsskapelser (https://www.mattheosselections.com/sv/shop/honungsskapelser) | Honung med hasselnötter (https://www.mattheosselections.com/sv/product/akesis-honey-with-hazelnut),
https://www.mattheosselections.com/sv/product/oreganohonung,Product | BreadcrumbList,Oreganohonung,oreganohonung,Mattheos Selections,Rå honung,3,250 g 100.00 SEK InStock NewCondition | 450 g 150.00 SEK InStock NewCondition | 950 g 220.00 SEK InStock NewCondition,100,Hem (https://www.mattheosselections.com/sv) | Butik (https://www.mattheosselections.com/sv/shop) | Rå honung (https://www.mattheosselections.com/sv/shop/ra-honung) | Oreganohonung (https://www.mattheosselections.com/sv/product/oreganohonung),
https://www.mattheosselections.com/sv/product/tallhonung,Product | BreadcrumbList,Tallhonung,tallhonung,Mattheos Selections,Rå honung,1,250 g 100.00 SEK InStock NewCondition | 450 g 150.00 SEK InStock NewCondition | 950 g 220.00 SEK InStock NewCondition,100,Hem (https://www.mattheosselections.com/sv) | Butik (https://www.mattheosselections.com/sv/shop) | Rå honung (https://www.mattheosselections.com/sv/shop/ra-honung) | Tallhonung (https://www.mattheosselections.com/sv/product/tallhonung),
https://www.mattheosselections.com/sv/product/naturbox-kraftfull-honungsblandning,Product | BreadcrumbList,Naturbox – Kraftfull honungsblandning,naturbox-kraftfull-honungsblandning,Mattheos Selections,Presentförpackningar,1,5 × 250 g 490.00 SEK OutOfStock NewCondition,490,Hem (https://www.mattheosselections.com/sv) | Butik (https://www.mattheosselections.com/sv/shop) | Presentförpackningar (https://www.mattheosselections.com/sv/shop/presentforpackningar) | Naturbox – Kraftfull honungsblandning (https://www.mattheosselections.com/sv/product/naturbox-kraftfull-honungsblandning),
https://www.mattheosselections.com/sv/product/adelgrannshonung,Product | BreadcrumbList,Granhonung,adelgrannshonung,Mattheos Selections,Rå honung,3,250 g 120.00 SEK InStock NewCondition | 450 g 170.00 SEK InStock NewCondition | 950 g 250.00 SEK InStock NewCondition,120,Hem (https://www.mattheosselections.com/sv) | Butik (https://www.mattheosselections.com/sv/shop) | Rå honung (https://www.mattheosselections.com/sv/shop/ra-honung) | Granhonung (https://www.mattheosselections.com/sv/product/adelgrannshonung),
https://www.mattheosselections.com/sv/product/ekhonung,Product | BreadcrumbList,Ekhonung,ekhonung,Mattheos Selections,Rå honung,3,250 g 100.00 SEK InStock NewCondition | 450 g 150.00 SEK InStock NewCondition | 950 g 220.00 SEK OutOfStock NewCondition,100,Hem (https://www.mattheosselections.com/sv) | Butik (https://www.mattheosselections.com/sv/shop) | Rå honung (https://www.mattheosselections.com/sv/shop/ra-honung) | Ekhonung (https://www.mattheosselections.com/sv/product/ekhonung),
https://www.mattheosselections.com/sv/product/timjanhonung,Product | BreadcrumbList,Timjanhonung,timjanhonung,Mattheos Selections,Rå honung,3,250 g 120.00 SEK InStock NewCondition | 450 g 170.00 SEK InStock NewCondition | 950 g 250.00 SEK InStock NewCondition,120,Hem (https://www.mattheosselections.com/sv) | Butik (https://www.mattheosselections.com/sv/shop) | Rå honung (https://www.mattheosselections.com/sv/shop/ra-honung) | Timjanhonung (https://www.mattheosselections.com/sv/product/timjanhonung),
https://www.mattheosselections.com/sv/product/natuthos-omalisk-honangstrin,Product | BreadcrumbList,"Naturbox: Honung med blommor och örter, oreganohonung och timjanhonung",natuthos-omalisk-honangstrin,Mattheos Selections,Presentförpackningar,1,3 × 450 g 390.00 SEK OutOfStock NewCondition,390,"Hem (https://www.mattheosselections.com/sv) | Butik (https://www.mattheosselections.com/sv/shop) | Presentförpackningar (https://www.mattheosselections.com/sv/shop/presentforpackningar) | Naturbox: Honung med blommor och örter, oreganohonung och timjanhonung (https://www.mattheosselections.com/sv/product/natuthos-omalisk-honangstrin)",
https://www.mattheosselections.com/sv/product/naturbox-superfoodblandning,Product | BreadcrumbList,Naturbox Superfood-honungsblandning,naturbox-superfoodblandning,Mattheos Selections,Presentförpackningar,1,250 g + 200 g + 200 g 390.00 SEK OutOfStock NewCondition,390,Hem (https://www.mattheosselections.com/sv) | Butik (https://www.mattheosselections.com/sv/shop) | Presentförpackningar (https://www.mattheosselections.com/sv/shop/presentforpackningar) | Naturbox Superfood-honungsblandning (https://www.mattheosselections.com/sv/product/naturbox-superfoodblandning),
https://www.mattheosselections.com/sv/product/blomster-orthonung,Product | BreadcrumbList,Blom- och ört-honung,blomster-orthonung,Mattheos Selections,Rå honung,3,250 g 100.00 SEK OutOfStock NewCondition | 450 g 150.00 SEK OutOfStock NewCondition | 950 g 220.00 SEK InStock NewCondition,220,Hem (https://www.mattheosselections.com/sv) | Butik (https://www.mattheosselections.com/sv/shop) | Rå honung (https://www.mattheosselections.com/sv/shop/ra-honung) | Blom- och ört-honung (https://www.mattheosselections.com/sv/product/blomster-orthonung),
https://www.mattheosselections.com/sv/product/naturbox-hela-upplevelsen,Product | BreadcrumbList,Naturbox: Set i 11 delar – hela upplevelsen,naturbox-hela-upplevelsen,Mattheos Selections,Presentförpackningar,1,11 stycken 1900.00 SEK OutOfStock NewCondition,1900,Hem (https://www.mattheosselections.com/sv) | Butik (https://www.mattheosselections.com/sv/shop) | Presentförpackningar (https://www.mattheosselections.com/sv/shop/presentforpackningar) | Naturbox: Set i 11 delar – hela upplevelsen (https://www.mattheosselections.com/sv/product/naturbox-hela-upplevelsen),
https://www.mattheosselections.com/en/product/akesis-honey-with-hazelnut,Product | BreadcrumbList,Honey with Hazelnuts,akesis-honey-with-hazelnut,Mattheos Selections,Honey Creations,1,250 g 150.00 SEK OutOfStock NewCondition,150,Home (https://www.mattheosselections.com/en) | Shop (https://www.mattheosselections.com/en/shop) | Honey Creations (https://www.mattheosselections.com/en/shop/honungsskapelser) | Honey with Hazelnuts (https://www.mattheosselections.com/en/product/akesis-honey-with-hazelnut),
https://www.mattheosselections.com/en/product/tallhonung,Product | BreadcrumbList,Pine Honey,tallhonung,Mattheos Selections,Raw Honey,1,250 g 100.00 SEK InStock NewCondition | 450 g 150.00 SEK InStock NewCondition | 950 g 220.00 SEK InStock NewCondition,100,Home (https://www.mattheosselections.com/en) | Shop (https://www.mattheosselections.com/en/shop) | Raw Honey (https://www.mattheosselections.com/en/shop/ra-honung) | Pine Honey (https://www.mattheosselections.com/en/product/tallhonung),
https://www.mattheosselections.com/en/product/oreganohonung,Product | BreadcrumbList,Oregano Honey,oreganohonung,Mattheos Selections,Raw Honey,3,250 g 100.00 SEK InStock NewCondition | 450 g 150.00 SEK InStock NewCondition | 950 g 220.00 SEK InStock NewCondition,100,Home (https://www.mattheosselections.com/en) | Shop (https://www.mattheosselections.com/en/shop) | Raw Honey (https://www.mattheosselections.com/en/shop/ra-honung) | Oregano Honey (https://www.mattheosselections.com/en/product/oreganohonung),
https://www.mattheosselections.com/en/product/ekhonung,Product | BreadcrumbList,Oak Honey,ekhonung,Mattheos Selections,Raw Honey,3,250 g 100.00 SEK InStock NewCondition | 450 g 150.00 SEK InStock NewCondition | 950 g 220.00 SEK OutOfStock NewCondition,100,Home (https://www.mattheosselections.com/en) | Shop (https://www.mattheosselections.com/en/shop) | Raw Honey (https://www.mattheosselections.com/en/shop/ra-honung) | Oak Honey (https://www.mattheosselections.com/en/product/ekhonung),
https://www.mattheosselections.com/en/product/adelgrannshonung,Product | BreadcrumbList,Fir Tree Honey,adelgrannshonung,Mattheos Selections,Raw Honey,3,250 g 120.00 SEK InStock NewCondition | 450 g 170.00 SEK InStock NewCondition | 950 g 250.00 SEK InStock NewCondition,120,Home (https://www.mattheosselections.com/en) | Shop (https://www.mattheosselections.com/en/shop) | Raw Honey (https://www.mattheosselections.com/en/shop/ra-honung) | Fir Tree Honey (https://www.mattheosselections.com/en/product/adelgrannshonung),
https://www.mattheosselections.com/en/product/naturbox-superfoodblandning,Product | BreadcrumbList,Naturbox Superfood Honey Blend,naturbox-superfoodblandning,Mattheos Selections,Gift Sets,1,250 g + 200 g + 200 g 390.00 SEK OutOfStock NewCondition,390,Home (https://www.mattheosselections.com/en) | Shop (https://www.mattheosselections.com/en/shop) | Gift Sets (https://www.mattheosselections.com/en/shop/presentforpackningar) | Naturbox Superfood Honey Blend (https://www.mattheosselections.com/en/product/naturbox-superfoodblandning),
https://www.mattheosselections.com/en/product/naturbox-kraftfull-honungsblandning,Product | BreadcrumbList,Naturbox – Powerful Honey Blend,naturbox-kraftfull-honungsblandning,Mattheos Selections,Gift Sets,1,5 × 250 g 490.00 SEK OutOfStock NewCondition,490,Home (https://www.mattheosselections.com/en) | Shop (https://www.mattheosselections.com/en/shop) | Gift Sets (https://www.mattheosselections.com/en/shop/presentforpackningar) | Naturbox – Powerful Honey Blend (https://www.mattheosselections.com/en/product/naturbox-kraftfull-honungsblandning),
https://www.mattheosselections.com/en/product/natuthos-omalisk-honangstrin,Product | BreadcrumbList,"Naturbox: Flowers & Herbs Honey, Oregano Honey & Thyme Honey",natuthos-omalisk-honangstrin,Mattheos Selections,Gift Sets,1,3 × 450 g 390.00 SEK OutOfStock NewCondition,390,"Home (https://www.mattheosselections.com/en) | Shop (https://www.mattheosselections.com/en/shop) | Gift Sets (https://www.mattheosselections.com/en/shop/presentforpackningar) | Naturbox: Flowers & Herbs Honey, Oregano Honey & Thyme Honey (https://www.mattheosselections.com/en/product/natuthos-omalisk-honangstrin)",
https://www.mattheosselections.com/en/product/timjanhonung,Product | BreadcrumbList,Thyme Honey,timjanhonung,Mattheos Selections,Raw Honey,3,250 g 120.00 SEK InStock NewCondition | 450 g 170.00 SEK InStock NewCondition | 950 g 250.00 SEK InStock NewCondition,120,Home (https://www.mattheosselections.com/en) | Shop (https://www.mattheosselections.com/en/shop) | Raw Honey (https://www.mattheosselections.com/en/shop/ra-honung) | Thyme Honey (https://www.mattheosselections.com/en/product/timjanhonung),
https://www.mattheosselections.com/en/product/blomster-orthonung,Product | BreadcrumbList,Flower & Herbal Honey,blomster-orthonung,Mattheos Selections,Raw Honey,3,250 g 100.00 SEK OutOfStock NewCondition | 450 g 150.00 SEK OutOfStock NewCondition | 950 g 220.00 SEK InStock NewCondition,220,Home (https://www.mattheosselections.com/en) | Shop (https://www.mattheosselections.com/en/shop) | Raw Honey (https://www.mattheosselections.com/en/shop/ra-honung) | Flower & Herbal Honey (https://www.mattheosselections.com/en/product/blomster-orthonung),
https://www.mattheosselections.com/en/product/naturbox-hela-upplevelsen,Product | BreadcrumbList,Naturbox: The Whole Experience 11-Piece Set,naturbox-hela-upplevelsen,Mattheos Selections,Gift Sets,1,11 pieces 1900.00 SEK OutOfStock NewCondition,1900,Home (https://www.mattheosselections.com/en) | Shop (https://www.mattheosselections.com/en/shop) | Gift Sets (https://www.mattheosselections.com/en/shop/presentforpackningar) | Naturbox: The Whole Experience 11-Piece Set (https://www.mattheosselections.com/en/product/naturbox-hela-upplevelsen),
https://www.mattheosselections.com/el/product/akesis-honey-with-hazelnut,Product | BreadcrumbList,Μέλι με φουντούκια,akesis-honey-with-hazelnut,Mattheos Selections,Δημιουργίες με Μέλι,1,250g 150.00 SEK OutOfStock NewCondition,150,Αρχική (https://www.mattheosselections.com/el) | Κατάστημα (https://www.mattheosselections.com/el/shop) | Δημιουργίες με Μέλι (https://www.mattheosselections.com/el/shop/honungsskapelser) | Μέλι με φουντούκια (https://www.mattheosselections.com/el/product/akesis-honey-with-hazelnut),
https://www.mattheosselections.com/el/product/oreganohonung,Product | BreadcrumbList,Μέλι ρίγανης,oreganohonung,Mattheos Selections,ακατέργαστο μέλι,3,250g 100.00 SEK InStock NewCondition | 450g 150.00 SEK InStock NewCondition | 950 g 220.00 SEK InStock NewCondition,100,Αρχική (https://www.mattheosselections.com/el) | Κατάστημα (https://www.mattheosselections.com/el/shop) | ακατέργαστο μέλι (https://www.mattheosselections.com/el/shop/ra-honung) | Μέλι ρίγανης (https://www.mattheosselections.com/el/product/oreganohonung),
https://www.mattheosselections.com/el/product/tallhonung,Product | BreadcrumbList,Μέλι πεύκου,tallhonung,Mattheos Selections,ακατέργαστο μέλι,1,250 g 100.00 SEK InStock NewCondition | 450 g 150.00 SEK InStock NewCondition | 950g 220.00 SEK InStock NewCondition,100,Αρχική (https://www.mattheosselections.com/el) | Κατάστημα (https://www.mattheosselections.com/el/shop) | ακατέργαστο μέλι (https://www.mattheosselections.com/el/shop/ra-honung) | Μέλι πεύκου (https://www.mattheosselections.com/el/product/tallhonung),
https://www.mattheosselections.com/el/product/ekhonung,Product | BreadcrumbList,Μέλι βελανιδιάς,ekhonung,Mattheos Selections,ακατέργαστο μέλι,3,250 g 100.00 SEK InStock NewCondition | 450 g 150.00 SEK InStock NewCondition | 950 g 220.00 SEK OutOfStock NewCondition,100,Αρχική (https://www.mattheosselections.com/el) | Κατάστημα (https://www.mattheosselections.com/el/shop) | ακατέργαστο μέλι (https://www.mattheosselections.com/el/shop/ra-honung) | Μέλι βελανιδιάς (https://www.mattheosselections.com/el/product/ekhonung),
https://www.mattheosselections.com/el/product/adelgrannshonung,Product | BreadcrumbList,Μέλι ελάτης,adelgrannshonung,Mattheos Selections,ακατέργαστο μέλι,3,250 g 120.00 SEK InStock NewCondition | 450 g 170.00 SEK InStock NewCondition | 950 g 250.00 SEK InStock NewCondition,120,Αρχική (https://www.mattheosselections.com/el) | Κατάστημα (https://www.mattheosselections.com/el/shop) | ακατέργαστο μέλι (https://www.mattheosselections.com/el/shop/ra-honung) | Μέλι ελάτης (https://www.mattheosselections.com/el/product/adelgrannshonung),
https://www.mattheosselections.com/el/product/naturbox-kraftfull-honungsblandning,Product | BreadcrumbList,Naturbox – Ισχυρό Μείγμα Μελιού,naturbox-kraftfull-honungsblandning,Mattheos Selections,Σετ δώρου,1,5 × 250 g 490.00 SEK OutOfStock NewCondition,490,Αρχική (https://www.mattheosselections.com/el) | Κατάστημα (https://www.mattheosselections.com/el/shop) | Σετ δώρου (https://www.mattheosselections.com/el/shop/presentforpackningar) | Naturbox – Ισχυρό Μείγμα Μελιού (https://www.mattheosselections.com/el/product/naturbox-kraftfull-honungsblandning),
https://www.mattheosselections.com/el/product/naturbox-superfoodblandning,Product | BreadcrumbList,Naturbox Μείγμα Μελιού με Υπερτροφές,naturbox-superfoodblandning,Mattheos Selections,Σετ δώρου,1,250 g + 200 g + 200 g 390.00 SEK OutOfStock NewCondition,390,Αρχική (https://www.mattheosselections.com/el) | Κατάστημα (https://www.mattheosselections.com/el/shop) | Σετ δώρου (https://www.mattheosselections.com/el/shop/presentforpackningar) | Naturbox Μείγμα Μελιού με Υπερτροφές (https://www.mattheosselections.com/el/product/naturbox-superfoodblandning),
https://www.mattheosselections.com/el/product/natuthos-omalisk-honangstrin,Product | BreadcrumbList,"Naturbox: Μέλι από άνθη & βότανα, μέλι ρίγανης & μέλι θυμαριού",natuthos-omalisk-honangstrin,Mattheos Selections,Σετ δώρου,1,3 × 450 g 390.00 SEK OutOfStock NewCondition,390,"Αρχική (https://www.mattheosselections.com/el) | Κατάστημα (https://www.mattheosselections.com/el/shop) | Σετ δώρου (https://www.mattheosselections.com/el/shop/presentforpackningar) | Naturbox: Μέλι από άνθη & βότανα, μέλι ρίγανης & μέλι θυμαριού (https://www.mattheosselections.com/el/product/natuthos-omalisk-honangstrin)",
https://www.mattheosselections.com/el/product/timjanhonung,Product | BreadcrumbList,Θυμαρίσιο μέλι,timjanhonung,Mattheos Selections,ακατέργαστο μέλι,3,250 g 120.00 SEK InStock NewCondition | 450 g 170.00 SEK InStock NewCondition | 950 g 250.00 SEK InStock NewCondition,120,Αρχική (https://www.mattheosselections.com/el) | Κατάστημα (https://www.mattheosselections.com/el/shop) | ακατέργαστο μέλι (https://www.mattheosselections.com/el/shop/ra-honung) | Θυμαρίσιο μέλι (https://www.mattheosselections.com/el/product/timjanhonung),
https://www.mattheosselections.com/el/product/blomster-orthonung,Product | BreadcrumbList,Μέλι ανθέων και βοτάνων,blomster-orthonung,Mattheos Selections,ακατέργαστο μέλι,3,250 g 100.00 SEK OutOfStock NewCondition | 450 g 150.00 SEK OutOfStock NewCondition | 950 g 220.00 SEK InStock NewCondition,220,Αρχική (https://www.mattheosselections.com/el) | Κατάστημα (https://www.mattheosselections.com/el/shop) | ακατέργαστο μέλι (https://www.mattheosselections.com/el/shop/ra-honung) | Μέλι ανθέων και βοτάνων (https://www.mattheosselections.com/el/product/blomster-orthonung),
https://www.mattheosselections.com/el/product/naturbox-hela-upplevelsen,Product | BreadcrumbList,Naturbox: Σετ 11 τεμαχίων για την ολοκληρωμένη εμπειρία,naturbox-hela-upplevelsen,Mattheos Selections,Σετ δώρου,1,11 τεμάχια 1900.00 SEK OutOfStock NewCondition,1900,Αρχική (https://www.mattheosselections.com/el) | Κατάστημα (https://www.mattheosselections.com/el/shop) | Σετ δώρου (https://www.mattheosselections.com/el/shop/presentforpackningar) | Naturbox: Σετ 11 τεμαχίων για την ολοκληρωμένη εμπειρία (https://www.mattheosselections.com/el/product/naturbox-hela-upplevelsen),
