url,type,source
"/product/adelgrannshonung/","product","WooCommerce product slug (scripts/set-product-slugs.mjs)"
"/en/product/adelgrannshonung/","product (en)","WooCommerce product slug (scripts/set-product-slugs.mjs)"
"/product/akesis-honey-with-hazelnut/","product","WooCommerce product slug (scripts/set-product-slugs.mjs)"
"/en/product/akesis-honey-with-hazelnut/","product (en)","WooCommerce product slug (scripts/set-product-slugs.mjs)"
"/product/bivaxkram/","product","WooCommerce product slug (scripts/set-product-slugs.mjs)"
"/en/product/bivaxkram/","product (en)","WooCommerce product slug (scripts/set-product-slugs.mjs)"
"/product/blomster-orthonung/","product","WooCommerce product slug (scripts/set-product-slugs.mjs)"
"/en/product/blomster-orthonung/","product (en)","WooCommerce product slug (scripts/set-product-slugs.mjs)"
"/product/ekhonung/","product","WooCommerce product slug (scripts/set-product-slugs.mjs)"
"/en/product/ekhonung/","product (en)","WooCommerce product slug (scripts/set-product-slugs.mjs)"
"/product/honung-med-guld/","product","WooCommerce product slug (scripts/set-product-slugs.mjs)"
"/en/product/honung-med-guld/","product (en)","WooCommerce product slug (scripts/set-product-slugs.mjs)"
"/product/honung-med-gurkmeja-och-ingefara/","product","WooCommerce product slug (scripts/set-product-slugs.mjs)"
"/en/product/honung-med-gurkmeja-och-ingefara/","product (en)","WooCommerce product slug (scripts/set-product-slugs.mjs)"
"/product/jordgubbstrad-honung/","product","WooCommerce product slug (scripts/set-product-slugs.mjs)"
"/en/product/jordgubbstrad-honung/","product (en)","WooCommerce product slug (scripts/set-product-slugs.mjs)"
"/product/jungfru-olivolja-extra-virgin-olive-oil/","product","WooCommerce product slug (scripts/set-product-slugs.mjs)"
"/en/product/jungfru-olivolja-extra-virgin-olive-oil/","product (en)","WooCommerce product slug (scripts/set-product-slugs.mjs)"
"/product/naturbox-ek-timjan-tallhonung/","product","WooCommerce product slug (scripts/set-product-slugs.mjs)"
"/en/product/naturbox-ek-timjan-tallhonung/","product (en)","WooCommerce product slug (scripts/set-product-slugs.mjs)"
"/product/naturbox-hela-upplevelsen/","product","WooCommerce product slug (scripts/set-product-slugs.mjs)"
"/en/product/naturbox-hela-upplevelsen/","product (en)","WooCommerce product slug (scripts/set-product-slugs.mjs)"
"/product/naturbox-honung-och-propolis-mattheos-selections/","product","WooCommerce product slug (scripts/set-product-slugs.mjs)"
"/en/product/naturbox-honung-och-propolis-mattheos-selections/","product (en)","WooCommerce product slug (scripts/set-product-slugs.mjs)"
"/product/naturbox-kraftfull-honungsblandning/","product","WooCommerce product slug (scripts/set-product-slugs.mjs)"
"/en/product/naturbox-kraftfull-honungsblandning/","product (en)","WooCommerce product slug (scripts/set-product-slugs.mjs)"
"/product/naturbox-superfoodblandning/","product","WooCommerce product slug (scripts/set-product-slugs.mjs)"
"/en/product/naturbox-superfoodblandning/","product (en)","WooCommerce product slug (scripts/set-product-slugs.mjs)"
"/product/natuthos-omalisk-honangstrin/","product","WooCommerce product slug (scripts/set-product-slugs.mjs)"
"/en/product/natuthos-omalisk-honangstrin/","product (en)","WooCommerce product slug (scripts/set-product-slugs.mjs)"
"/product/oreganohonung/","product","WooCommerce product slug (scripts/set-product-slugs.mjs)"
"/en/product/oreganohonung/","product (en)","WooCommerce product slug (scripts/set-product-slugs.mjs)"
"/product/propolis/","product","WooCommerce product slug (scripts/set-product-slugs.mjs)"
"/en/product/propolis/","product (en)","WooCommerce product slug (scripts/set-product-slugs.mjs)"
"/product/tallhonung/","product","WooCommerce product slug (scripts/set-product-slugs.mjs)"
"/en/product/tallhonung/","product (en)","WooCommerce product slug (scripts/set-product-slugs.mjs)"
"/product/timjanhonung/","product","WooCommerce product slug (scripts/set-product-slugs.mjs)"
"/en/product/timjanhonung/","product (en)","WooCommerce product slug (scripts/set-product-slugs.mjs)"
"/product/adelgrannshonung/?v=7516fd43adaa","product + WooCommerce ?v= parameter","WooCommerce cache-busting parameter"
"/product/adelgrannshonung","product without trailing slash","trailing-slash variant"
"/product/akesis-honey-with-hazelnut/?v=7516fd43adaa","product + WooCommerce ?v= parameter","WooCommerce cache-busting parameter"
"/product/akesis-honey-with-hazelnut","product without trailing slash","trailing-slash variant"
"/product/bivaxkram/?v=7516fd43adaa","product + WooCommerce ?v= parameter","WooCommerce cache-busting parameter"
"/product/bivaxkram","product without trailing slash","trailing-slash variant"
"/en/product/ekhonung/?add-to-cart=2694","product + add-to-cart parameter","WooCommerce add-to-cart link"
"/en?berqwp_request_cache&v=efad7abb323e&add-to-cart=179","home + BerqWP cache parameters","Search Console: duplicate without user-selected canonical"
"/product/EKHONUNG/","product, uppercase slug","case variant"
"/","home (Swedish)","WordPress/WooCommerce route"
"/en/","home (English)","WordPress/WooCommerce route"
"/shop/","shop","WordPress/WooCommerce route"
"/en/shop/","shop (en)","WordPress/WooCommerce route"
"/shop/page/2/","shop pagination","WordPress/WooCommerce route"
"/en/shop/page/2/","shop pagination (en)","WordPress/WooCommerce route"
"/shop/?orderby=price","shop sorted (WooCommerce orderby)","WordPress/WooCommerce route"
"/product/","WooCommerce product base","WordPress/WooCommerce route"
"/cart/","cart","WordPress/WooCommerce route"
"/checkout/","checkout","WordPress/WooCommerce route"
"/checkout/order-received/123/?key=wc_order_abc","order received","WordPress/WooCommerce route"
"/my-account/","account","WordPress/WooCommerce route"
"/my-account/lost-password/","account: lost password","WordPress/WooCommerce route"
"/en/my-account/","account (en)","WordPress/WooCommerce route"
"/about-us/","page: about","WordPress/WooCommerce route"
"/en/about-us/","page: about (en)","WordPress/WooCommerce route"
"/contact-us/","page: contact","WordPress/WooCommerce route"
"/en/contact-us/","page: contact (en)","WordPress/WooCommerce route"
"/terms-and-conditions/","page: terms","WordPress/WooCommerce route"
"/en/terms-and-conditions/","page: terms (en)","WordPress/WooCommerce route"
"/privacy-policy/","page: privacy","WordPress/WooCommerce route"
"/en/privacy-policy/","page: privacy (en)","WordPress/WooCommerce route"
"/cookie-policy-eu/","page: cookie policy","WordPress/WooCommerce route"
"/sample-page/","WordPress sample page","WordPress/WooCommerce route"
"/test/","test page","WordPress/WooCommerce route"
"/test-2/","test page","WordPress/WooCommerce route"
"/coming-soon/","coming-soon page","WordPress/WooCommerce route"
"/blog/","blog index","WordPress/WooCommerce route"
"/blog/page/2/","blog pagination","WordPress/WooCommerce route"
"/?s=honung","WordPress search","WordPress/WooCommerce route"
"/en/?s=honey","WordPress search (en)","WordPress/WooCommerce route"
"/?post_type=product","WooCommerce product archive","WordPress/WooCommerce route"
"/de-osynliga-hjaltarna-i-var-matforsorjning-binas-roll-i-livsmedelskedjan/","blog article","old redirect list (src/config/redirects.js)"
"/hallbar-biodling-en-vag-till-att-skydda-bin-och-planeten/","blog article","old redirect list (src/config/redirects.js)"
"/halsofordelarna-med-honung-naturens-gyllene-medicin/","blog article","old redirect list (src/config/redirects.js)"
"/honey-in-traditional-medicine-swedens-natural-healer/","blog article","old redirect list (src/config/redirects.js)"
"/pollineringens-betydelse-for-ekosystemet/","blog article","old redirect list (src/config/redirects.js)"
"/skillnader-mellan-olika-typer-av-honun/","blog article","old redirect list (src/config/redirects.js)"
"/category/okategoriserad/","blog category","WordPress/WooCommerce route pattern"
"/category/uncategorized/","blog category","WordPress/WooCommerce route pattern"
"/tag/honung/","blog tag","WordPress/WooCommerce route pattern"
"/author/admin/","author archive","WordPress/WooCommerce route pattern"
"/product-tag/honung/","product tag","WordPress/WooCommerce route pattern"
"/product-category/presentforpackningar/","product category (if slug matches)","WordPress/WooCommerce route pattern"
"/product-category/okategoriserad/","product category (unknown slug)","WordPress/WooCommerce route pattern"
"/product-category/honung/page/2/","product category pagination","WordPress/WooCommerce route pattern"
"/en/product-category/gift-sets/","product category (en, unknown slug)","WordPress/WooCommerce route pattern"
"/wp-admin/","WordPress admin","WordPress system path"
"/wp-login.php","WordPress login","WordPress system path"
"/wp-content/uploads/2025/01/ekhonung.jpg","WordPress upload","WordPress system path"
"/wp-includes/js/jquery/jquery.min.js","WordPress core file","WordPress system path"
"/wp-json/wp/v2/posts","WordPress REST API","WordPress system path"
"/xmlrpc.php","WordPress XML-RPC","WordPress system path"
"/feed/","RSS feed","WordPress system path"
"/comments/feed/","comments feed","WordPress system path"
"/product/ekhonung/feed/","product feed","WordPress system path"
"/en/feed/","RSS feed (en)","WordPress system path"
"/sitemap_index.xml","Yoast sitemap index","WordPress system path"
"/product-sitemap.xml","Yoast product sitemap","WordPress system path"
"/page-sitemap.xml","Yoast page sitemap","WordPress system path"
"/wp-sitemap.xml","WordPress core sitemap","WordPress system path"
