old_url,old_type,new_url,redirect_status,hops,final_status,canonical,indexability,result
/product/adelgrannshonung/,product,https://www.mattheosselections.com/sv/product/adelgrannshonung,301,1,200,https://mattheosselections.com/sv/product/adelgrannshonung,not canonical,PROBLEM: lands on a page that is not indexable/canonical
/en/product/adelgrannshonung/,product (en),https://www.mattheosselections.com/en/product/adelgrannshonung,301,1,200,https://mattheosselections.com/en/product/adelgrannshonung,not canonical,PROBLEM: lands on a page that is not indexable/canonical
/product/akesis-honey-with-hazelnut/,product,https://www.mattheosselections.com/sv/product/akesis-honey-with-hazelnut,301,1,200,https://mattheosselections.com/sv/product/akesis-honey-with-hazelnut,not canonical,PROBLEM: lands on a page that is not indexable/canonical
/en/product/akesis-honey-with-hazelnut/,product (en),https://www.mattheosselections.com/en/product/akesis-honey-with-hazelnut,301,1,200,https://mattheosselections.com/en/product/akesis-honey-with-hazelnut,not canonical,PROBLEM: lands on a page that is not indexable/canonical
/product/bivaxkram/,product,https://www.mattheosselections.com/sv/product/bivaxkram,301,1,200,https://mattheosselections.com/sv/product/bivaxkram,not canonical,PROBLEM: lands on a page that is not indexable/canonical
/en/product/bivaxkram/,product (en),https://www.mattheosselections.com/en/product/bivaxkram,301,1,200,https://mattheosselections.com/en/product/bivaxkram,not canonical,PROBLEM: lands on a page that is not indexable/canonical
/product/blomster-orthonung/,product,https://www.mattheosselections.com/sv/product/blomster-orthonung,301,1,200,https://mattheosselections.com/sv/product/blomster-orthonung,not canonical,PROBLEM: lands on a page that is not indexable/canonical
/en/product/blomster-orthonung/,product (en),https://www.mattheosselections.com/en/product/blomster-orthonung,301,1,200,https://mattheosselections.com/en/product/blomster-orthonung,not canonical,PROBLEM: lands on a page that is not indexable/canonical
/product/ekhonung/,product,https://www.mattheosselections.com/sv/product/ekhonung,301,1,200,https://mattheosselections.com/sv/product/ekhonung,not canonical,PROBLEM: lands on a page that is not indexable/canonical
/en/product/ekhonung/,product (en),https://www.mattheosselections.com/en/product/ekhonung,301,1,200,https://mattheosselections.com/en/product/ekhonung,not canonical,PROBLEM: lands on a page that is not indexable/canonical
/product/honung-med-guld/,product,https://www.mattheosselections.com/sv/product/honung-med-guld,301,1,200,https://mattheosselections.com/sv/product/honung-med-guld,not canonical,PROBLEM: lands on a page that is not indexable/canonical
/en/product/honung-med-guld/,product (en),https://www.mattheosselections.com/en/product/honung-med-guld,301,1,200,https://mattheosselections.com/en/product/honung-med-guld,not canonical,PROBLEM: lands on a page that is not indexable/canonical
/product/honung-med-gurkmeja-och-ingefara/,product,https://www.mattheosselections.com/sv/product/honung-med-gurkmeja-och-ingefara,301,1,200,https://mattheosselections.com/sv/product/honung-med-gurkmeja-och-ingefara,not canonical,PROBLEM: lands on a page that is not indexable/canonical
/en/product/honung-med-gurkmeja-och-ingefara/,product (en),https://www.mattheosselections.com/en/product/honung-med-gurkmeja-och-ingefara,301,1,200,https://mattheosselections.com/en/product/honung-med-gurkmeja-och-ingefara,not canonical,PROBLEM: lands on a page that is not indexable/canonical
/product/jordgubbstrad-honung/,product,https://www.mattheosselections.com/sv/product/jordgubbstrad-honung,301,1,200,https://mattheosselections.com/sv/product/jordgubbstrad-honung,not canonical,PROBLEM: lands on a page that is not indexable/canonical
/en/product/jordgubbstrad-honung/,product (en),https://www.mattheosselections.com/en/product/jordgubbstrad-honung,301,1,200,https://mattheosselections.com/en/product/jordgubbstrad-honung,not canonical,PROBLEM: lands on a page that is not indexable/canonical
/product/jungfru-olivolja-extra-virgin-olive-oil/,product,https://www.mattheosselections.com/sv/product/jungfru-olivolja-extra-virgin-olive-oil,301,1,200,https://mattheosselections.com/sv/product/jungfru-olivolja-extra-virgin-olive-oil,not canonical,PROBLEM: lands on a page that is not indexable/canonical
/en/product/jungfru-olivolja-extra-virgin-olive-oil/,product (en),https://www.mattheosselections.com/en/product/jungfru-olivolja-extra-virgin-olive-oil,301,1,200,https://mattheosselections.com/en/product/jungfru-olivolja-extra-virgin-olive-oil,not canonical,PROBLEM: lands on a page that is not indexable/canonical
/product/naturbox-ek-timjan-tallhonung/,product,https://www.mattheosselections.com/sv/product/naturbox-ek-timjan-tallhonung,301,1,200,https://mattheosselections.com/sv/product/naturbox-ek-timjan-tallhonung,not canonical,PROBLEM: lands on a page that is not indexable/canonical
/en/product/naturbox-ek-timjan-tallhonung/,product (en),https://www.mattheosselections.com/en/product/naturbox-ek-timjan-tallhonung,301,1,200,https://mattheosselections.com/en/product/naturbox-ek-timjan-tallhonung,not canonical,PROBLEM: lands on a page that is not indexable/canonical
/product/naturbox-hela-upplevelsen/,product,https://www.mattheosselections.com/sv/product/naturbox-hela-upplevelsen,301,1,200,https://mattheosselections.com/sv/product/naturbox-hela-upplevelsen,not canonical,PROBLEM: lands on a page that is not indexable/canonical
/en/product/naturbox-hela-upplevelsen/,product (en),https://www.mattheosselections.com/en/product/naturbox-hela-upplevelsen,301,1,200,https://mattheosselections.com/en/product/naturbox-hela-upplevelsen,not canonical,PROBLEM: lands on a page that is not indexable/canonical
/product/naturbox-honung-och-propolis-mattheos-selections/,product,https://www.mattheosselections.com/sv/product/naturbox-honung-och-propolis-mattheos-selections,301,1,200,https://mattheosselections.com/sv/product/naturbox-honung-och-propolis-mattheos-selections,not canonical,PROBLEM: lands on a page that is not indexable/canonical
/en/product/naturbox-honung-och-propolis-mattheos-selections/,product (en),https://www.mattheosselections.com/en/product/naturbox-honung-och-propolis-mattheos-selections,301,1,200,https://mattheosselections.com/en/product/naturbox-honung-och-propolis-mattheos-selections,not canonical,PROBLEM: lands on a page that is not indexable/canonical
/product/naturbox-kraftfull-honungsblandning/,product,https://www.mattheosselections.com/sv/product/naturbox-kraftfull-honungsblandning,301,1,200,https://mattheosselections.com/sv/product/naturbox-kraftfull-honungsblandning,not canonical,PROBLEM: lands on a page that is not indexable/canonical
/en/product/naturbox-kraftfull-honungsblandning/,product (en),https://www.mattheosselections.com/en/product/naturbox-kraftfull-honungsblandning,301,1,200,https://mattheosselections.com/en/product/naturbox-kraftfull-honungsblandning,not canonical,PROBLEM: lands on a page that is not indexable/canonical
/product/naturbox-superfoodblandning/,product,https://www.mattheosselections.com/sv/product/naturbox-superfoodblandning,301,1,200,https://mattheosselections.com/sv/product/naturbox-superfoodblandning,not canonical,PROBLEM: lands on a page that is not indexable/canonical
/en/product/naturbox-superfoodblandning/,product (en),https://www.mattheosselections.com/en/product/naturbox-superfoodblandning,301,1,200,https://mattheosselections.com/en/product/naturbox-superfoodblandning,not canonical,PROBLEM: lands on a page that is not indexable/canonical
/product/natuthos-omalisk-honangstrin/,product,https://www.mattheosselections.com/sv/product/natuthos-omalisk-honangstrin,301,1,200,https://mattheosselections.com/sv/product/natuthos-omalisk-honangstrin,not canonical,PROBLEM: lands on a page that is not indexable/canonical
/en/product/natuthos-omalisk-honangstrin/,product (en),https://www.mattheosselections.com/en/product/natuthos-omalisk-honangstrin,301,1,200,https://mattheosselections.com/en/product/natuthos-omalisk-honangstrin,not canonical,PROBLEM: lands on a page that is not indexable/canonical
/product/oreganohonung/,product,https://www.mattheosselections.com/sv/product/oreganohonung,301,1,200,https://mattheosselections.com/sv/product/oreganohonung,not canonical,PROBLEM: lands on a page that is not indexable/canonical
/en/product/oreganohonung/,product (en),https://www.mattheosselections.com/en/product/oreganohonung,301,1,200,https://mattheosselections.com/en/product/oreganohonung,not canonical,PROBLEM: lands on a page that is not indexable/canonical
/product/propolis/,product,https://www.mattheosselections.com/sv/product/propolis,301,1,200,https://mattheosselections.com/sv/product/propolis,not canonical,PROBLEM: lands on a page that is not indexable/canonical
/en/product/propolis/,product (en),https://www.mattheosselections.com/en/product/propolis,301,1,200,https://mattheosselections.com/en/product/propolis,not canonical,PROBLEM: lands on a page that is not indexable/canonical
/product/tallhonung/,product,https://www.mattheosselections.com/sv/product/tallhonung,301,1,200,https://mattheosselections.com/sv/product/tallhonung,not canonical,PROBLEM: lands on a page that is not indexable/canonical
/en/product/tallhonung/,product (en),https://www.mattheosselections.com/en/product/tallhonung,301,1,200,https://mattheosselections.com/en/product/tallhonung,not canonical,PROBLEM: lands on a page that is not indexable/canonical
/product/timjanhonung/,product,https://www.mattheosselections.com/sv/product/timjanhonung,301,1,200,https://mattheosselections.com/sv/product/timjanhonung,not canonical,PROBLEM: lands on a page that is not indexable/canonical
/en/product/timjanhonung/,product (en),https://www.mattheosselections.com/en/product/timjanhonung,301,1,200,https://mattheosselections.com/en/product/timjanhonung,not canonical,PROBLEM: lands on a page that is not indexable/canonical
/product/adelgrannshonung/?v=7516fd43adaa,product + WooCommerce ?v= parameter,https://www.mattheosselections.com/sv/product/adelgrannshonung,301,1,200,https://mattheosselections.com/sv/product/adelgrannshonung,not canonical,PROBLEM: lands on a page that is not indexable/canonical
/product/adelgrannshonung,product without trailing slash,https://www.mattheosselections.com/sv/product/adelgrannshonung,301,1,200,https://mattheosselections.com/sv/product/adelgrannshonung,not canonical,PROBLEM: lands on a page that is not indexable/canonical
/product/akesis-honey-with-hazelnut/?v=7516fd43adaa,product + WooCommerce ?v= parameter,https://www.mattheosselections.com/sv/product/akesis-honey-with-hazelnut,301,1,200,https://mattheosselections.com/sv/product/akesis-honey-with-hazelnut,not canonical,PROBLEM: lands on a page that is not indexable/canonical
/product/akesis-honey-with-hazelnut,product without trailing slash,https://www.mattheosselections.com/sv/product/akesis-honey-with-hazelnut,301,1,200,https://mattheosselections.com/sv/product/akesis-honey-with-hazelnut,not canonical,PROBLEM: lands on a page that is not indexable/canonical
/product/bivaxkram/?v=7516fd43adaa,product + WooCommerce ?v= parameter,https://www.mattheosselections.com/sv/product/bivaxkram,301,1,200,https://mattheosselections.com/sv/product/bivaxkram,not canonical,PROBLEM: lands on a page that is not indexable/canonical
/product/bivaxkram,product without trailing slash,https://www.mattheosselections.com/sv/product/bivaxkram,301,1,200,https://mattheosselections.com/sv/product/bivaxkram,not canonical,PROBLEM: lands on a page that is not indexable/canonical
/en/product/ekhonung/?add-to-cart=2694,product + add-to-cart parameter,https://www.mattheosselections.com/en/product/ekhonung,301,1,200,https://mattheosselections.com/en/product/ekhonung,not canonical,PROBLEM: lands on a page that is not indexable/canonical
/product/EKHONUNG/,"product, uppercase slug",https://www.mattheosselections.com/sv/product/ekhonung,301,1,200,https://mattheosselections.com/sv/product/ekhonung,not canonical,PROBLEM: lands on a page that is not indexable/canonical
/,home (Swedish),https://www.mattheosselections.com/en,307,1,200,https://mattheosselections.com/en,not canonical,"OK: language redirect (307, varies by visitor)"
/en/,home (English),https://www.mattheosselections.com/en,301,1,200,https://mattheosselections.com/en,not canonical,PROBLEM: lands on a page that is not indexable/canonical
/shop/,shop,https://www.mattheosselections.com/sv/shop,301,1,200,https://mattheosselections.com/sv/shop,not canonical,PROBLEM: lands on a page that is not indexable/canonical
/en/shop/,shop (en),https://www.mattheosselections.com/en/shop,301,1,200,https://mattheosselections.com/en/shop,not canonical,PROBLEM: lands on a page that is not indexable/canonical
/shop/page/2/,shop pagination,https://www.mattheosselections.com/en/shop/page/2,301,2,404,,,PROBLEM: 2 redirects in a row
/en/shop/page/2/,shop pagination (en),https://www.mattheosselections.com/en/shop/page/2,301,1,404,,,PROBLEM: redirects to a 404
/shop/?orderby=price,shop sorted (WooCommerce orderby),https://www.mattheosselections.com/sv/shop,301,1,200,https://mattheosselections.com/sv/shop,not canonical,PROBLEM: lands on a page that is not indexable/canonical
/product/,WooCommerce product base,https://www.mattheosselections.com/sv/shop,301,1,200,https://mattheosselections.com/sv/shop,not canonical,PROBLEM: lands on a page that is not indexable/canonical
/cart/,cart,https://www.mattheosselections.com/sv/shop,301,1,200,https://mattheosselections.com/sv/shop,not canonical,PROBLEM: lands on a page that is not indexable/canonical
/checkout/,checkout,https://www.mattheosselections.com/sv/shop,301,1,200,https://mattheosselections.com/sv/shop,not canonical,PROBLEM: lands on a page that is not indexable/canonical
/checkout/order-received/123/?key=wc_order_abc,order received,https://www.mattheosselections.com/en/checkout/order-received/123?key=wc_order_abc,301,2,404,,,PROBLEM: 2 redirects in a row
/my-account/,account,https://www.mattheosselections.com/sv,301,1,200,https://mattheosselections.com/sv,not canonical,PROBLEM: lands on a page that is not indexable/canonical
/my-account/lost-password/,account: lost password,https://www.mattheosselections.com/en/my-account/lost-password,301,2,404,,,PROBLEM: 2 redirects in a row
/en/my-account/,account (en),https://www.mattheosselections.com/en,301,1,200,https://mattheosselections.com/en,not canonical,PROBLEM: lands on a page that is not indexable/canonical
/about-us/,page: about,https://www.mattheosselections.com/sv/about,301,1,200,https://mattheosselections.com/sv/about,not canonical,PROBLEM: lands on a page that is not indexable/canonical
/en/about-us/,page: about (en),https://www.mattheosselections.com/en/about,301,1,200,https://mattheosselections.com/en/about,not canonical,PROBLEM: lands on a page that is not indexable/canonical
/contact-us/,page: contact,https://www.mattheosselections.com/sv/contact,301,1,200,https://mattheosselections.com/sv/contact,not canonical,PROBLEM: lands on a page that is not indexable/canonical
/en/contact-us/,page: contact (en),https://www.mattheosselections.com/en/contact,301,1,200,https://mattheosselections.com/en/contact,not canonical,PROBLEM: lands on a page that is not indexable/canonical
/terms-and-conditions/,page: terms,https://www.mattheosselections.com/sv/terms-and-conditions,301,1,200,https://mattheosselections.com/sv/terms-and-conditions,not canonical,PROBLEM: lands on a page that is not indexable/canonical
/en/terms-and-conditions/,page: terms (en),https://www.mattheosselections.com/en/terms-and-conditions,301,1,200,https://mattheosselections.com/en/terms-and-conditions,not canonical,PROBLEM: lands on a page that is not indexable/canonical
/privacy-policy/,page: privacy,https://www.mattheosselections.com/sv/privacy-policy,301,1,200,https://mattheosselections.com/sv/privacy-policy,not canonical,PROBLEM: lands on a page that is not indexable/canonical
/en/privacy-policy/,page: privacy (en),https://www.mattheosselections.com/en/privacy-policy,301,1,200,https://mattheosselections.com/en/privacy-policy,not canonical,PROBLEM: lands on a page that is not indexable/canonical
/cookie-policy-eu/,page: cookie policy,https://www.mattheosselections.com/sv/privacy-policy,301,1,200,https://mattheosselections.com/sv/privacy-policy,not canonical,PROBLEM: lands on a page that is not indexable/canonical
/sample-page/,WordPress sample page,https://www.mattheosselections.com/sv,301,1,200,https://mattheosselections.com/sv,not canonical,PROBLEM: lands on a page that is not indexable/canonical
/test/,test page,https://www.mattheosselections.com/sv,301,1,200,https://mattheosselections.com/sv,not canonical,PROBLEM: lands on a page that is not indexable/canonical
/test-2/,test page,https://www.mattheosselections.com/en/test-2,301,2,404,,,PROBLEM: 2 redirects in a row
/coming-soon/,coming-soon page,https://www.mattheosselections.com/sv,301,1,200,https://mattheosselections.com/sv,not canonical,PROBLEM: lands on a page that is not indexable/canonical
/blog/,blog index,https://www.mattheosselections.com/sv/about,301,1,200,https://mattheosselections.com/sv/about,not canonical,PROBLEM: lands on a page that is not indexable/canonical
/blog/page/2/,blog pagination,https://www.mattheosselections.com/en/blog/page/2,301,2,404,,,PROBLEM: 2 redirects in a row
/?s=honung,WordPress search,https://www.mattheosselections.com/en?s=honung,307,1,200,https://mattheosselections.com/en,not canonical,PROBLEM: lands on a page that is not indexable/canonical
/en/?s=honey,WordPress search (en),https://www.mattheosselections.com/en?s=honey,301,1,200,https://mattheosselections.com/en,not canonical,PROBLEM: lands on a page that is not indexable/canonical
/?post_type=product,WooCommerce product archive,https://www.mattheosselections.com/en?post_type=product,307,1,200,https://mattheosselections.com/en,not canonical,PROBLEM: lands on a page that is not indexable/canonical
/de-osynliga-hjaltarna-i-var-matforsorjning-binas-roll-i-livsmedelskedjan/,blog article,https://www.mattheosselections.com/sv/about,301,1,200,https://mattheosselections.com/sv/about,not canonical,PROBLEM: lands on a page that is not indexable/canonical
/hallbar-biodling-en-vag-till-att-skydda-bin-och-planeten/,blog article,https://www.mattheosselections.com/sv/about,301,1,200,https://mattheosselections.com/sv/about,not canonical,PROBLEM: lands on a page that is not indexable/canonical
/halsofordelarna-med-honung-naturens-gyllene-medicin/,blog article,https://www.mattheosselections.com/sv/about,301,1,200,https://mattheosselections.com/sv/about,not canonical,PROBLEM: lands on a page that is not indexable/canonical
/honey-in-traditional-medicine-swedens-natural-healer/,blog article,https://www.mattheosselections.com/sv/about,301,1,200,https://mattheosselections.com/sv/about,not canonical,PROBLEM: lands on a page that is not indexable/canonical
/pollineringens-betydelse-for-ekosystemet/,blog article,https://www.mattheosselections.com/sv/about,301,1,200,https://mattheosselections.com/sv/about,not canonical,PROBLEM: lands on a page that is not indexable/canonical
/skillnader-mellan-olika-typer-av-honun/,blog article,https://www.mattheosselections.com/sv/about,301,1,200,https://mattheosselections.com/sv/about,not canonical,PROBLEM: lands on a page that is not indexable/canonical
/category/okategoriserad/,blog category,https://www.mattheosselections.com/sv/about,301,1,200,https://mattheosselections.com/sv/about,not canonical,PROBLEM: lands on a page that is not indexable/canonical
/category/uncategorized/,blog category,https://www.mattheosselections.com/sv/about,301,1,200,https://mattheosselections.com/sv/about,not canonical,PROBLEM: lands on a page that is not indexable/canonical
/tag/honung/,blog tag,https://www.mattheosselections.com/sv/about,301,1,200,https://mattheosselections.com/sv/about,not canonical,PROBLEM: lands on a page that is not indexable/canonical
/author/admin/,author archive,https://www.mattheosselections.com/sv/about,301,1,200,https://mattheosselections.com/sv/about,not canonical,PROBLEM: lands on a page that is not indexable/canonical
/product-tag/honung/,product tag,https://www.mattheosselections.com/en/product-tag/honung,301,2,404,,,PROBLEM: 2 redirects in a row
/product-category/presentforpackningar/,product category (if slug matches),https://www.mattheosselections.com/sv/shop,301,1,200,https://mattheosselections.com/sv/shop,not canonical,PROBLEM: lands on a page that is not indexable/canonical
/product-category/okategoriserad/,product category (unknown slug),https://www.mattheosselections.com/sv/shop,301,1,200,https://mattheosselections.com/sv/shop,not canonical,PROBLEM: lands on a page that is not indexable/canonical
/product-category/honung/page/2/,product category pagination,https://www.mattheosselections.com/sv/shop,301,1,200,https://mattheosselections.com/sv/shop,not canonical,PROBLEM: lands on a page that is not indexable/canonical
/en/product-category/gift-sets/,"product category (en, unknown slug)",https://www.mattheosselections.com/en/shop,301,1,200,https://mattheosselections.com/en/shop,not canonical,PROBLEM: lands on a page that is not indexable/canonical
/wp-admin/,WordPress admin,,,0,410,,gone,OK: 410 Gone (no equivalent)
/wp-login.php,WordPress login,,,0,404,,,CHECK: 404
/wp-content/uploads/2025/01/ekhonung.jpg,WordPress upload,,,0,404,,,CHECK: 404
/wp-includes/js/jquery/jquery.min.js,WordPress core file,,,0,404,,,CHECK: 404
/wp-json/wp/v2/posts,WordPress REST API,,,0,410,,gone,OK: 410 Gone (no equivalent)
/xmlrpc.php,WordPress XML-RPC,,,0,404,,,CHECK: 404
/feed/,RSS feed,,,0,410,,gone,OK: 410 Gone (no equivalent)
/comments/feed/,comments feed,,,0,410,,gone,OK: 410 Gone (no equivalent)
/product/ekhonung/feed/,product feed,https://www.mattheosselections.com/en/product/ekhonung/feed,301,2,404,,,PROBLEM: 2 redirects in a row
/en/feed/,RSS feed (en),https://www.mattheosselections.com/en/feed,301,1,404,,,PROBLEM: redirects to a 404
/sitemap_index.xml,Yoast sitemap index,,,0,404,,,CHECK: 404
/product-sitemap.xml,Yoast product sitemap,,,0,404,,,CHECK: 404
/page-sitemap.xml,Yoast page sitemap,,,0,404,,,CHECK: 404
/wp-sitemap.xml,WordPress core sitemap,,,0,404,,,CHECK: 404
