link,status,redirects_to,linked_from_pages,example_sources
https://www.mattheosselections.com/el,200,,30,https://www.mattheosselections.com/el | https://www.mattheosselections.com/el/about | https://www.mattheosselections.com/el/shop
https://www.mattheosselections.com/el/about,200,,30,https://www.mattheosselections.com/el | https://www.mattheosselections.com/el/about | https://www.mattheosselections.com/el/shop
https://www.mattheosselections.com/el/contact,200,,30,https://www.mattheosselections.com/el | https://www.mattheosselections.com/el/about | https://www.mattheosselections.com/el/shop
https://www.mattheosselections.com/el/privacy-policy,200,,30,https://www.mattheosselections.com/el | https://www.mattheosselections.com/el/about | https://www.mattheosselections.com/el/shop
https://www.mattheosselections.com/el/product/adelgrannshonung,200,,6,https://www.mattheosselections.com/el/shop | https://www.mattheosselections.com/el/shop?category=6aad53a64bba984e6580dabb | https://www.mattheosselections.com/el/product/jordgubbstrad-honung
https://www.mattheosselections.com/el/product/akesis-honey-with-hazelnut,200,,4,https://www.mattheosselections.com/el/shop | https://www.mattheosselections.com/el/shop?category=6aad53cc4bba984e6580dabc | https://www.mattheosselections.com/el/product/honung-med-guld
https://www.mattheosselections.com/el/product/bivaxkram,200,,4,https://www.mattheosselections.com/el | https://www.mattheosselections.com/el/shop | https://www.mattheosselections.com/el/shop?category=6aad54174bba984e6580dabe
https://www.mattheosselections.com/el/product/blomster-orthonung,200,,2,https://www.mattheosselections.com/el/shop | https://www.mattheosselections.com/el/shop?category=6aad53a64bba984e6580dabb
https://www.mattheosselections.com/el/product/ekhonung,200,,8,https://www.mattheosselections.com/el/shop | https://www.mattheosselections.com/el/shop?category=6aad53a64bba984e6580dabb | https://www.mattheosselections.com/el/product/jordgubbstrad-honung
https://www.mattheosselections.com/el/product/honung-med-guld,200,,5,https://www.mattheosselections.com/el | https://www.mattheosselections.com/el/shop | https://www.mattheosselections.com/el/shop?category=6aad53cc4bba984e6580dabc
https://www.mattheosselections.com/el/product/honung-med-gurkmeja-och-ingefara,200,,5,https://www.mattheosselections.com/el | https://www.mattheosselections.com/el/shop | https://www.mattheosselections.com/el/shop?category=6aad53cc4bba984e6580dabc
https://www.mattheosselections.com/el/product/jordgubbstrad-honung,200,,9,https://www.mattheosselections.com/el | https://www.mattheosselections.com/el/shop | https://www.mattheosselections.com/el/shop?category=6aad53a64bba984e6580dabb
https://www.mattheosselections.com/el/product/jungfru-olivolja-extra-virgin-olive-oil,200,,4,https://www.mattheosselections.com/el | https://www.mattheosselections.com/el/shop | https://www.mattheosselections.com/el/shop?category=6aad54174bba984e6580dabe
https://www.mattheosselections.com/el/product/naturbox-ek-timjan-tallhonung,200,,8,https://www.mattheosselections.com/el | https://www.mattheosselections.com/el/shop | https://www.mattheosselections.com/el/shop?category=6aad542a4bba984e6580dabf
https://www.mattheosselections.com/el/product/naturbox-hela-upplevelsen,200,,2,https://www.mattheosselections.com/el/shop | https://www.mattheosselections.com/el/shop?category=6aad542a4bba984e6580dabf
https://www.mattheosselections.com/el/product/naturbox-honung-och-propolis-mattheos-selections,200,,8,https://www.mattheosselections.com/el | https://www.mattheosselections.com/el/shop | https://www.mattheosselections.com/el/shop?category=6aad542a4bba984e6580dabf
https://www.mattheosselections.com/el/product/naturbox-kraftfull-honungsblandning,200,,7,https://www.mattheosselections.com/el/shop | https://www.mattheosselections.com/el/shop?category=6aad542a4bba984e6580dabf | https://www.mattheosselections.com/el/product/naturbox-honung-och-propolis-mattheos-selections
https://www.mattheosselections.com/el/product/naturbox-superfoodblandning,200,,7,https://www.mattheosselections.com/el/shop | https://www.mattheosselections.com/el/shop?category=6aad542a4bba984e6580dabf | https://www.mattheosselections.com/el/product/naturbox-honung-och-propolis-mattheos-selections
https://www.mattheosselections.com/el/product/natuthos-omalisk-honangstrin,200,,6,https://www.mattheosselections.com/el/shop | https://www.mattheosselections.com/el/shop?category=6aad542a4bba984e6580dabf | https://www.mattheosselections.com/el/product/naturbox-honung-och-propolis-mattheos-selections
https://www.mattheosselections.com/el/product/oreganohonung,200,,8,https://www.mattheosselections.com/el/shop | https://www.mattheosselections.com/el/shop?category=6aad53a64bba984e6580dabb | https://www.mattheosselections.com/el/product/jordgubbstrad-honung
https://www.mattheosselections.com/el/product/propolis,200,,3,https://www.mattheosselections.com/el | https://www.mattheosselections.com/el/shop | https://www.mattheosselections.com/el/shop?category=6aad53de4bba984e6580dabd
https://www.mattheosselections.com/el/product/tallhonung,200,,8,https://www.mattheosselections.com/el/shop | https://www.mattheosselections.com/el/shop?category=6aad53a64bba984e6580dabb | https://www.mattheosselections.com/el/product/jordgubbstrad-honung
https://www.mattheosselections.com/el/product/timjanhonung,200,,2,https://www.mattheosselections.com/el/shop | https://www.mattheosselections.com/el/shop?category=6aad53a64bba984e6580dabb
https://www.mattheosselections.com/el/shop,200,,30,https://www.mattheosselections.com/el | https://www.mattheosselections.com/el/about | https://www.mattheosselections.com/el/shop
https://www.mattheosselections.com/el/shop?category=6aad53a64bba984e6580dabb,200,,30,https://www.mattheosselections.com/el | https://www.mattheosselections.com/el/about | https://www.mattheosselections.com/el/shop
https://www.mattheosselections.com/el/shop?category=6aad53cc4bba984e6580dabc,200,,30,https://www.mattheosselections.com/el | https://www.mattheosselections.com/el/about | https://www.mattheosselections.com/el/shop
https://www.mattheosselections.com/el/shop?category=6aad53de4bba984e6580dabd,200,,30,https://www.mattheosselections.com/el | https://www.mattheosselections.com/el/about | https://www.mattheosselections.com/el/shop
https://www.mattheosselections.com/el/shop?category=6aad54174bba984e6580dabe,200,,30,https://www.mattheosselections.com/el | https://www.mattheosselections.com/el/about | https://www.mattheosselections.com/el/shop
https://www.mattheosselections.com/el/shop?category=6aad542a4bba984e6580dabf,200,,30,https://www.mattheosselections.com/el | https://www.mattheosselections.com/el/about | https://www.mattheosselections.com/el/shop
https://www.mattheosselections.com/el/terms-and-conditions,200,,30,https://www.mattheosselections.com/el | https://www.mattheosselections.com/el/about | https://www.mattheosselections.com/el/shop
https://www.mattheosselections.com/en,200,,30,https://www.mattheosselections.com/en | https://www.mattheosselections.com/en/about | https://www.mattheosselections.com/en/shop?category=6aad53a64bba984e6580dabb
https://www.mattheosselections.com/en/about,200,,30,https://www.mattheosselections.com/en | https://www.mattheosselections.com/en/about | https://www.mattheosselections.com/en/shop?category=6aad53a64bba984e6580dabb
https://www.mattheosselections.com/en/contact,200,,30,https://www.mattheosselections.com/en | https://www.mattheosselections.com/en/about | https://www.mattheosselections.com/en/shop?category=6aad53a64bba984e6580dabb
https://www.mattheosselections.com/en/privacy-policy,200,,30,https://www.mattheosselections.com/en | https://www.mattheosselections.com/en/about | https://www.mattheosselections.com/en/shop?category=6aad53a64bba984e6580dabb
https://www.mattheosselections.com/en/product/adelgrannshonung,200,,6,https://www.mattheosselections.com/en/shop?category=6aad53a64bba984e6580dabb | https://www.mattheosselections.com/en/product/jordgubbstrad-honung | https://www.mattheosselections.com/en/shop
https://www.mattheosselections.com/en/product/akesis-honey-with-hazelnut,200,,4,https://www.mattheosselections.com/en/shop?category=6aad53cc4bba984e6580dabc | https://www.mattheosselections.com/en/product/honung-med-gurkmeja-och-ingefara | https://www.mattheosselections.com/en/product/honung-med-guld
https://www.mattheosselections.com/en/product/bivaxkram,200,,4,https://www.mattheosselections.com/en | https://www.mattheosselections.com/en/shop?category=6aad54174bba984e6580dabe | https://www.mattheosselections.com/en/product/jungfru-olivolja-extra-virgin-olive-oil
https://www.mattheosselections.com/en/product/blomster-orthonung,200,,2,https://www.mattheosselections.com/en/shop?category=6aad53a64bba984e6580dabb | https://www.mattheosselections.com/en/shop
https://www.mattheosselections.com/en/product/ekhonung,200,,8,https://www.mattheosselections.com/en/shop?category=6aad53a64bba984e6580dabb | https://www.mattheosselections.com/en/product/jordgubbstrad-honung | https://www.mattheosselections.com/en/shop
https://www.mattheosselections.com/en/product/honung-med-guld,200,,5,https://www.mattheosselections.com/en | https://www.mattheosselections.com/en/shop?category=6aad53cc4bba984e6580dabc | https://www.mattheosselections.com/en/product/honung-med-gurkmeja-och-ingefara
https://www.mattheosselections.com/en/product/honung-med-gurkmeja-och-ingefara,200,,5,https://www.mattheosselections.com/en | https://www.mattheosselections.com/en/shop?category=6aad53cc4bba984e6580dabc | https://www.mattheosselections.com/en/product/honung-med-guld
https://www.mattheosselections.com/en/product/jordgubbstrad-honung,200,,9,https://www.mattheosselections.com/en | https://www.mattheosselections.com/en/shop?category=6aad53a64bba984e6580dabb | https://www.mattheosselections.com/en/shop
https://www.mattheosselections.com/en/product/jungfru-olivolja-extra-virgin-olive-oil,200,,4,https://www.mattheosselections.com/en | https://www.mattheosselections.com/en/shop?category=6aad54174bba984e6580dabe | https://www.mattheosselections.com/en/shop
https://www.mattheosselections.com/en/product/naturbox-ek-timjan-tallhonung,200,,8,https://www.mattheosselections.com/en | https://www.mattheosselections.com/en/shop?category=6aad542a4bba984e6580dabf | https://www.mattheosselections.com/en/product/naturbox-honung-och-propolis-mattheos-selections
https://www.mattheosselections.com/en/product/naturbox-hela-upplevelsen,200,,2,https://www.mattheosselections.com/en/shop?category=6aad542a4bba984e6580dabf | https://www.mattheosselections.com/en/shop
https://www.mattheosselections.com/en/product/naturbox-honung-och-propolis-mattheos-selections,200,,8,https://www.mattheosselections.com/en | https://www.mattheosselections.com/en/shop?category=6aad542a4bba984e6580dabf | https://www.mattheosselections.com/en/product/naturbox-ek-timjan-tallhonung
https://www.mattheosselections.com/en/product/naturbox-kraftfull-honungsblandning,200,,7,https://www.mattheosselections.com/en/shop?category=6aad542a4bba984e6580dabf | https://www.mattheosselections.com/en/product/naturbox-honung-och-propolis-mattheos-selections | https://www.mattheosselections.com/en/product/naturbox-ek-timjan-tallhonung
https://www.mattheosselections.com/en/product/naturbox-superfoodblandning,200,,7,https://www.mattheosselections.com/en/shop?category=6aad542a4bba984e6580dabf | https://www.mattheosselections.com/en/product/naturbox-honung-och-propolis-mattheos-selections | https://www.mattheosselections.com/en/product/naturbox-ek-timjan-tallhonung
https://www.mattheosselections.com/en/product/natuthos-omalisk-honangstrin,200,,6,https://www.mattheosselections.com/en/shop?category=6aad542a4bba984e6580dabf | https://www.mattheosselections.com/en/product/naturbox-honung-och-propolis-mattheos-selections | https://www.mattheosselections.com/en/product/naturbox-ek-timjan-tallhonung
https://www.mattheosselections.com/en/product/oreganohonung,200,,8,https://www.mattheosselections.com/en/shop?category=6aad53a64bba984e6580dabb | https://www.mattheosselections.com/en/product/jordgubbstrad-honung | https://www.mattheosselections.com/en/shop
https://www.mattheosselections.com/en/product/propolis,200,,3,https://www.mattheosselections.com/en | https://www.mattheosselections.com/en/shop?category=6aad53de4bba984e6580dabd | https://www.mattheosselections.com/en/shop
https://www.mattheosselections.com/en/product/tallhonung,200,,8,https://www.mattheosselections.com/en/shop?category=6aad53a64bba984e6580dabb | https://www.mattheosselections.com/en/product/jordgubbstrad-honung | https://www.mattheosselections.com/en/shop
https://www.mattheosselections.com/en/product/timjanhonung,200,,2,https://www.mattheosselections.com/en/shop?category=6aad53a64bba984e6580dabb | https://www.mattheosselections.com/en/shop
https://www.mattheosselections.com/en/shop,200,,30,https://www.mattheosselections.com/en | https://www.mattheosselections.com/en/about | https://www.mattheosselections.com/en/shop?category=6aad53a64bba984e6580dabb
https://www.mattheosselections.com/en/shop?category=6aad53a64bba984e6580dabb,200,,30,https://www.mattheosselections.com/en | https://www.mattheosselections.com/en/about | https://www.mattheosselections.com/en/shop?category=6aad53a64bba984e6580dabb
https://www.mattheosselections.com/en/shop?category=6aad53cc4bba984e6580dabc,200,,30,https://www.mattheosselections.com/en | https://www.mattheosselections.com/en/about | https://www.mattheosselections.com/en/shop?category=6aad53a64bba984e6580dabb
https://www.mattheosselections.com/en/shop?category=6aad53de4bba984e6580dabd,200,,30,https://www.mattheosselections.com/en | https://www.mattheosselections.com/en/about | https://www.mattheosselections.com/en/shop?category=6aad53a64bba984e6580dabb
https://www.mattheosselections.com/en/shop?category=6aad54174bba984e6580dabe,200,,30,https://www.mattheosselections.com/en | https://www.mattheosselections.com/en/about | https://www.mattheosselections.com/en/shop?category=6aad53a64bba984e6580dabb
https://www.mattheosselections.com/en/shop?category=6aad542a4bba984e6580dabf,200,,30,https://www.mattheosselections.com/en | https://www.mattheosselections.com/en/about | https://www.mattheosselections.com/en/shop?category=6aad53a64bba984e6580dabb
https://www.mattheosselections.com/en/terms-and-conditions,200,,30,https://www.mattheosselections.com/en | https://www.mattheosselections.com/en/about | https://www.mattheosselections.com/en/shop?category=6aad53a64bba984e6580dabb
https://www.mattheosselections.com/sv,200,,30,https://www.mattheosselections.com/sv | https://www.mattheosselections.com/sv/about | https://www.mattheosselections.com/sv/shop?category=6aad53a64bba984e6580dabb
https://www.mattheosselections.com/sv/about,200,,30,https://www.mattheosselections.com/sv | https://www.mattheosselections.com/sv/about | https://www.mattheosselections.com/sv/shop?category=6aad53a64bba984e6580dabb
https://www.mattheosselections.com/sv/contact,200,,30,https://www.mattheosselections.com/sv | https://www.mattheosselections.com/sv/about | https://www.mattheosselections.com/sv/shop?category=6aad53a64bba984e6580dabb
https://www.mattheosselections.com/sv/privacy-policy,200,,30,https://www.mattheosselections.com/sv | https://www.mattheosselections.com/sv/about | https://www.mattheosselections.com/sv/shop?category=6aad53a64bba984e6580dabb
https://www.mattheosselections.com/sv/product/adelgrannshonung,200,,6,https://www.mattheosselections.com/sv/shop?category=6aad53a64bba984e6580dabb | https://www.mattheosselections.com/sv/shop | https://www.mattheosselections.com/sv/product/jordgubbstrad-honung
https://www.mattheosselections.com/sv/product/akesis-honey-with-hazelnut,200,,4,https://www.mattheosselections.com/sv/shop | https://www.mattheosselections.com/sv/shop?category=6aad53cc4bba984e6580dabc | https://www.mattheosselections.com/sv/product/honung-med-gurkmeja-och-ingefara
https://www.mattheosselections.com/sv/product/bivaxkram,200,,4,https://www.mattheosselections.com/sv | https://www.mattheosselections.com/sv/shop | https://www.mattheosselections.com/sv/shop?category=6aad54174bba984e6580dabe
https://www.mattheosselections.com/sv/product/blomster-orthonung,200,,2,https://www.mattheosselections.com/sv/shop?category=6aad53a64bba984e6580dabb | https://www.mattheosselections.com/sv/shop
https://www.mattheosselections.com/sv/product/ekhonung,200,,8,https://www.mattheosselections.com/sv/shop?category=6aad53a64bba984e6580dabb | https://www.mattheosselections.com/sv/shop | https://www.mattheosselections.com/sv/product/jordgubbstrad-honung
https://www.mattheosselections.com/sv/product/honung-med-guld,200,,5,https://www.mattheosselections.com/sv | https://www.mattheosselections.com/sv/shop | https://www.mattheosselections.com/sv/shop?category=6aad53cc4bba984e6580dabc
https://www.mattheosselections.com/sv/product/honung-med-gurkmeja-och-ingefara,200,,5,https://www.mattheosselections.com/sv | https://www.mattheosselections.com/sv/shop | https://www.mattheosselections.com/sv/shop?category=6aad53cc4bba984e6580dabc
https://www.mattheosselections.com/sv/product/jordgubbstrad-honung,200,,9,https://www.mattheosselections.com/sv | https://www.mattheosselections.com/sv/shop?category=6aad53a64bba984e6580dabb | https://www.mattheosselections.com/sv/shop
https://www.mattheosselections.com/sv/product/jungfru-olivolja-extra-virgin-olive-oil,200,,4,https://www.mattheosselections.com/sv | https://www.mattheosselections.com/sv/shop | https://www.mattheosselections.com/sv/shop?category=6aad54174bba984e6580dabe
https://www.mattheosselections.com/sv/product/naturbox-ek-timjan-tallhonung,200,,8,https://www.mattheosselections.com/sv | https://www.mattheosselections.com/sv/shop | https://www.mattheosselections.com/sv/shop?category=6aad542a4bba984e6580dabf
https://www.mattheosselections.com/sv/product/naturbox-hela-upplevelsen,200,,2,https://www.mattheosselections.com/sv/shop | https://www.mattheosselections.com/sv/shop?category=6aad542a4bba984e6580dabf
https://www.mattheosselections.com/sv/product/naturbox-honung-och-propolis-mattheos-selections,200,,8,https://www.mattheosselections.com/sv | https://www.mattheosselections.com/sv/shop | https://www.mattheosselections.com/sv/shop?category=6aad542a4bba984e6580dabf
https://www.mattheosselections.com/sv/product/naturbox-kraftfull-honungsblandning,200,,7,https://www.mattheosselections.com/sv/shop | https://www.mattheosselections.com/sv/shop?category=6aad542a4bba984e6580dabf | https://www.mattheosselections.com/sv/product/naturbox-honung-och-propolis-mattheos-selections
https://www.mattheosselections.com/sv/product/naturbox-superfoodblandning,200,,7,https://www.mattheosselections.com/sv/shop | https://www.mattheosselections.com/sv/shop?category=6aad542a4bba984e6580dabf | https://www.mattheosselections.com/sv/product/naturbox-honung-och-propolis-mattheos-selections
https://www.mattheosselections.com/sv/product/natuthos-omalisk-honangstrin,200,,6,https://www.mattheosselections.com/sv/shop | https://www.mattheosselections.com/sv/shop?category=6aad542a4bba984e6580dabf | https://www.mattheosselections.com/sv/product/naturbox-honung-och-propolis-mattheos-selections
https://www.mattheosselections.com/sv/product/oreganohonung,200,,8,https://www.mattheosselections.com/sv/shop?category=6aad53a64bba984e6580dabb | https://www.mattheosselections.com/sv/shop | https://www.mattheosselections.com/sv/product/jordgubbstrad-honung
https://www.mattheosselections.com/sv/product/propolis,200,,3,https://www.mattheosselections.com/sv | https://www.mattheosselections.com/sv/shop | https://www.mattheosselections.com/sv/shop?category=6aad53de4bba984e6580dabd
https://www.mattheosselections.com/sv/product/tallhonung,200,,8,https://www.mattheosselections.com/sv/shop?category=6aad53a64bba984e6580dabb | https://www.mattheosselections.com/sv/shop | https://www.mattheosselections.com/sv/product/jordgubbstrad-honung
https://www.mattheosselections.com/sv/product/timjanhonung,200,,2,https://www.mattheosselections.com/sv/shop?category=6aad53a64bba984e6580dabb | https://www.mattheosselections.com/sv/shop
https://www.mattheosselections.com/sv/shop,200,,30,https://www.mattheosselections.com/sv | https://www.mattheosselections.com/sv/about | https://www.mattheosselections.com/sv/shop?category=6aad53a64bba984e6580dabb
https://www.mattheosselections.com/sv/shop?category=6aad53a64bba984e6580dabb,200,,30,https://www.mattheosselections.com/sv | https://www.mattheosselections.com/sv/about | https://www.mattheosselections.com/sv/shop?category=6aad53a64bba984e6580dabb
https://www.mattheosselections.com/sv/shop?category=6aad53cc4bba984e6580dabc,200,,30,https://www.mattheosselections.com/sv | https://www.mattheosselections.com/sv/about | https://www.mattheosselections.com/sv/shop?category=6aad53a64bba984e6580dabb
https://www.mattheosselections.com/sv/shop?category=6aad53de4bba984e6580dabd,200,,30,https://www.mattheosselections.com/sv | https://www.mattheosselections.com/sv/about | https://www.mattheosselections.com/sv/shop?category=6aad53a64bba984e6580dabb
https://www.mattheosselections.com/sv/shop?category=6aad54174bba984e6580dabe,200,,30,https://www.mattheosselections.com/sv | https://www.mattheosselections.com/sv/about | https://www.mattheosselections.com/sv/shop?category=6aad53a64bba984e6580dabb
https://www.mattheosselections.com/sv/shop?category=6aad542a4bba984e6580dabf,200,,30,https://www.mattheosselections.com/sv | https://www.mattheosselections.com/sv/about | https://www.mattheosselections.com/sv/shop?category=6aad53a64bba984e6580dabb
https://www.mattheosselections.com/sv/terms-and-conditions,200,,30,https://www.mattheosselections.com/sv | https://www.mattheosselections.com/sv/about | https://www.mattheosselections.com/sv/shop?category=6aad53a64bba984e6580dabb
