loc,status,canonical,hreflang,issues
https://mattheosselections.com/en,308,https://mattheosselections.com/en,en | sv | el | x-default,not on https://www.mattheosselections.com | redirects (308)
https://mattheosselections.com/sv,308,https://mattheosselections.com/sv,en | sv | el | x-default,not on https://www.mattheosselections.com | redirects (308)
https://mattheosselections.com/el,308,https://mattheosselections.com/el,en | sv | el | x-default,not on https://www.mattheosselections.com | redirects (308)
https://mattheosselections.com/en/shop,308,https://mattheosselections.com/en/shop,en | sv | el | x-default,not on https://www.mattheosselections.com | redirects (308)
https://mattheosselections.com/sv/shop,308,https://mattheosselections.com/sv/shop,en | sv | el | x-default,not on https://www.mattheosselections.com | redirects (308)
https://mattheosselections.com/el/shop,308,https://mattheosselections.com/el/shop,en | sv | el | x-default,not on https://www.mattheosselections.com | redirects (308)
https://mattheosselections.com/en/about,308,https://mattheosselections.com/en/about,en | sv | el | x-default,not on https://www.mattheosselections.com | redirects (308)
https://mattheosselections.com/sv/about,308,https://mattheosselections.com/sv/about,en | sv | el | x-default,not on https://www.mattheosselections.com | redirects (308)
https://mattheosselections.com/el/about,308,https://mattheosselections.com/el/about,en | sv | el | x-default,not on https://www.mattheosselections.com | redirects (308)
https://mattheosselections.com/en/contact,308,https://mattheosselections.com/en/contact,en | sv | el | x-default,not on https://www.mattheosselections.com | redirects (308)
https://mattheosselections.com/sv/contact,308,https://mattheosselections.com/sv/contact,en | sv | el | x-default,not on https://www.mattheosselections.com | redirects (308)
https://mattheosselections.com/el/contact,308,https://mattheosselections.com/el/contact,en | sv | el | x-default,not on https://www.mattheosselections.com | redirects (308)
https://mattheosselections.com/en/terms-and-conditions,308,https://mattheosselections.com/en/terms-and-conditions,en | sv | el | x-default,not on https://www.mattheosselections.com | redirects (308)
https://mattheosselections.com/sv/terms-and-conditions,308,https://mattheosselections.com/sv/terms-and-conditions,en | sv | el | x-default,not on https://www.mattheosselections.com | redirects (308)
https://mattheosselections.com/el/terms-and-conditions,308,https://mattheosselections.com/el/terms-and-conditions,en | sv | el | x-default,not on https://www.mattheosselections.com | redirects (308)
https://mattheosselections.com/en/privacy-policy,308,https://mattheosselections.com/en/privacy-policy,en | sv | el | x-default,not on https://www.mattheosselections.com | redirects (308)
https://mattheosselections.com/sv/privacy-policy,308,https://mattheosselections.com/sv/privacy-policy,en | sv | el | x-default,not on https://www.mattheosselections.com | redirects (308)
https://mattheosselections.com/el/privacy-policy,308,https://mattheosselections.com/el/privacy-policy,en | sv | el | x-default,not on https://www.mattheosselections.com | redirects (308)
https://mattheosselections.com/en/product/blomster-orthonung,308,https://mattheosselections.com/en/product/blomster-orthonung,en | sv | el | x-default,not on https://www.mattheosselections.com | redirects (308)
https://mattheosselections.com/sv/product/blomster-orthonung,308,https://mattheosselections.com/sv/product/blomster-orthonung,en | sv | el | x-default,not on https://www.mattheosselections.com | redirects (308)
https://mattheosselections.com/el/product/blomster-orthonung,308,https://mattheosselections.com/el/product/blomster-orthonung,en | sv | el | x-default,not on https://www.mattheosselections.com | redirects (308)
https://mattheosselections.com/en/product/timjanhonung,308,https://mattheosselections.com/en/product/timjanhonung,en | sv | el | x-default,not on https://www.mattheosselections.com | redirects (308)
https://mattheosselections.com/sv/product/timjanhonung,308,https://mattheosselections.com/sv/product/timjanhonung,en | sv | el | x-default,not on https://www.mattheosselections.com | redirects (308)
https://mattheosselections.com/el/product/timjanhonung,308,https://mattheosselections.com/el/product/timjanhonung,en | sv | el | x-default,not on https://www.mattheosselections.com | redirects (308)
https://mattheosselections.com/en/product/adelgrannshonung,308,https://mattheosselections.com/en/product/adelgrannshonung,en | sv | el | x-default,not on https://www.mattheosselections.com | redirects (308)
https://mattheosselections.com/sv/product/adelgrannshonung,308,https://mattheosselections.com/sv/product/adelgrannshonung,en | sv | el | x-default,not on https://www.mattheosselections.com | redirects (308)
https://mattheosselections.com/el/product/adelgrannshonung,308,https://mattheosselections.com/el/product/adelgrannshonung,en | sv | el | x-default,not on https://www.mattheosselections.com | redirects (308)
https://mattheosselections.com/en/product/ekhonung,308,https://mattheosselections.com/en/product/ekhonung,en | sv | el | x-default,not on https://www.mattheosselections.com | redirects (308)
https://mattheosselections.com/sv/product/ekhonung,308,https://mattheosselections.com/sv/product/ekhonung,en | sv | el | x-default,not on https://www.mattheosselections.com | redirects (308)
https://mattheosselections.com/el/product/ekhonung,308,https://mattheosselections.com/el/product/ekhonung,en | sv | el | x-default,not on https://www.mattheosselections.com | redirects (308)
https://mattheosselections.com/en/product/tallhonung,308,https://mattheosselections.com/en/product/tallhonung,en | sv | el | x-default,not on https://www.mattheosselections.com | redirects (308)
https://mattheosselections.com/sv/product/tallhonung,308,https://mattheosselections.com/sv/product/tallhonung,en | sv | el | x-default,not on https://www.mattheosselections.com | redirects (308)
https://mattheosselections.com/el/product/tallhonung,308,https://mattheosselections.com/el/product/tallhonung,en | sv | el | x-default,not on https://www.mattheosselections.com | redirects (308)
https://mattheosselections.com/en/product/oreganohonung,308,https://mattheosselections.com/en/product/oreganohonung,en | sv | el | x-default,not on https://www.mattheosselections.com | redirects (308)
https://mattheosselections.com/sv/product/oreganohonung,308,https://mattheosselections.com/sv/product/oreganohonung,en | sv | el | x-default,not on https://www.mattheosselections.com | redirects (308)
https://mattheosselections.com/el/product/oreganohonung,308,https://mattheosselections.com/el/product/oreganohonung,en | sv | el | x-default,not on https://www.mattheosselections.com | redirects (308)
https://mattheosselections.com/en/product/bivaxkram,308,https://mattheosselections.com/en/product/bivaxkram,en | sv | el | x-default,not on https://www.mattheosselections.com | redirects (308)
https://mattheosselections.com/sv/product/bivaxkram,308,https://mattheosselections.com/sv/product/bivaxkram,en | sv | el | x-default,not on https://www.mattheosselections.com | redirects (308)
https://mattheosselections.com/el/product/bivaxkram,308,https://mattheosselections.com/el/product/bivaxkram,en | sv | el | x-default,not on https://www.mattheosselections.com | redirects (308)
https://mattheosselections.com/en/product/akesis-honey-with-hazelnut,308,https://mattheosselections.com/en/product/akesis-honey-with-hazelnut,en | sv | el | x-default,not on https://www.mattheosselections.com | redirects (308)
https://mattheosselections.com/sv/product/akesis-honey-with-hazelnut,308,https://mattheosselections.com/sv/product/akesis-honey-with-hazelnut,en | sv | el | x-default,not on https://www.mattheosselections.com | redirects (308)
https://mattheosselections.com/el/product/akesis-honey-with-hazelnut,308,https://mattheosselections.com/el/product/akesis-honey-with-hazelnut,en | sv | el | x-default,not on https://www.mattheosselections.com | redirects (308)
https://mattheosselections.com/en/product/honung-med-guld,308,https://mattheosselections.com/en/product/honung-med-guld,en | sv | el | x-default,not on https://www.mattheosselections.com | redirects (308)
https://mattheosselections.com/sv/product/honung-med-guld,308,https://mattheosselections.com/sv/product/honung-med-guld,en | sv | el | x-default,not on https://www.mattheosselections.com | redirects (308)
https://mattheosselections.com/el/product/honung-med-guld,308,https://mattheosselections.com/el/product/honung-med-guld,en | sv | el | x-default,not on https://www.mattheosselections.com | redirects (308)
https://mattheosselections.com/en/product/jungfru-olivolja-extra-virgin-olive-oil,308,https://mattheosselections.com/en/product/jungfru-olivolja-extra-virgin-olive-oil,en | sv | el | x-default,not on https://www.mattheosselections.com | redirects (308)
https://mattheosselections.com/sv/product/jungfru-olivolja-extra-virgin-olive-oil,308,https://mattheosselections.com/sv/product/jungfru-olivolja-extra-virgin-olive-oil,en | sv | el | x-default,not on https://www.mattheosselections.com | redirects (308)
https://mattheosselections.com/el/product/jungfru-olivolja-extra-virgin-olive-oil,308,https://mattheosselections.com/el/product/jungfru-olivolja-extra-virgin-olive-oil,en | sv | el | x-default,not on https://www.mattheosselections.com | redirects (308)
https://mattheosselections.com/en/product/naturbox-ek-timjan-tallhonung,308,https://mattheosselections.com/en/product/naturbox-ek-timjan-tallhonung,en | sv | el | x-default,not on https://www.mattheosselections.com | redirects (308)
https://mattheosselections.com/sv/product/naturbox-ek-timjan-tallhonung,308,https://mattheosselections.com/sv/product/naturbox-ek-timjan-tallhonung,en | sv | el | x-default,not on https://www.mattheosselections.com | redirects (308)
https://mattheosselections.com/el/product/naturbox-ek-timjan-tallhonung,308,https://mattheosselections.com/el/product/naturbox-ek-timjan-tallhonung,en | sv | el | x-default,not on https://www.mattheosselections.com | redirects (308)
https://mattheosselections.com/en/product/jordgubbstrad-honung,308,https://mattheosselections.com/en/product/jordgubbstrad-honung,en | sv | el | x-default,not on https://www.mattheosselections.com | redirects (308)
https://mattheosselections.com/sv/product/jordgubbstrad-honung,308,https://mattheosselections.com/sv/product/jordgubbstrad-honung,en | sv | el | x-default,not on https://www.mattheosselections.com | redirects (308)
https://mattheosselections.com/el/product/jordgubbstrad-honung,308,https://mattheosselections.com/el/product/jordgubbstrad-honung,en | sv | el | x-default,not on https://www.mattheosselections.com | redirects (308)
https://mattheosselections.com/en/product/honung-med-gurkmeja-och-ingefara,308,https://mattheosselections.com/en/product/honung-med-gurkmeja-och-ingefara,en | sv | el | x-default,not on https://www.mattheosselections.com | redirects (308)
https://mattheosselections.com/sv/product/honung-med-gurkmeja-och-ingefara,308,https://mattheosselections.com/sv/product/honung-med-gurkmeja-och-ingefara,en | sv | el | x-default,not on https://www.mattheosselections.com | redirects (308)
https://mattheosselections.com/el/product/honung-med-gurkmeja-och-ingefara,308,https://mattheosselections.com/el/product/honung-med-gurkmeja-och-ingefara,en | sv | el | x-default,not on https://www.mattheosselections.com | redirects (308)
https://mattheosselections.com/en/product/propolis,308,https://mattheosselections.com/en/product/propolis,en | sv | el | x-default,not on https://www.mattheosselections.com | redirects (308)
https://mattheosselections.com/sv/product/propolis,308,https://mattheosselections.com/sv/product/propolis,en | sv | el | x-default,not on https://www.mattheosselections.com | redirects (308)
https://mattheosselections.com/el/product/propolis,308,https://mattheosselections.com/el/product/propolis,en | sv | el | x-default,not on https://www.mattheosselections.com | redirects (308)
https://mattheosselections.com/en/product/naturbox-hela-upplevelsen,308,https://mattheosselections.com/en/product/naturbox-hela-upplevelsen,en | sv | el | x-default,not on https://www.mattheosselections.com | redirects (308)
https://mattheosselections.com/sv/product/naturbox-hela-upplevelsen,308,https://mattheosselections.com/sv/product/naturbox-hela-upplevelsen,en | sv | el | x-default,not on https://www.mattheosselections.com | redirects (308)
https://mattheosselections.com/el/product/naturbox-hela-upplevelsen,308,https://mattheosselections.com/el/product/naturbox-hela-upplevelsen,en | sv | el | x-default,not on https://www.mattheosselections.com | redirects (308)
https://mattheosselections.com/en/product/natuthos-omalisk-honangstrin,308,https://mattheosselections.com/en/product/natuthos-omalisk-honangstrin,en | sv | el | x-default,not on https://www.mattheosselections.com | redirects (308)
https://mattheosselections.com/sv/product/natuthos-omalisk-honangstrin,308,https://mattheosselections.com/sv/product/natuthos-omalisk-honangstrin,en | sv | el | x-default,not on https://www.mattheosselections.com | redirects (308)
https://mattheosselections.com/el/product/natuthos-omalisk-honangstrin,308,https://mattheosselections.com/el/product/natuthos-omalisk-honangstrin,en | sv | el | x-default,not on https://www.mattheosselections.com | redirects (308)
https://mattheosselections.com/en/product/naturbox-superfoodblandning,308,https://mattheosselections.com/en/product/naturbox-superfoodblandning,en | sv | el | x-default,not on https://www.mattheosselections.com | redirects (308)
https://mattheosselections.com/sv/product/naturbox-superfoodblandning,308,https://mattheosselections.com/sv/product/naturbox-superfoodblandning,en | sv | el | x-default,not on https://www.mattheosselections.com | redirects (308)
https://mattheosselections.com/el/product/naturbox-superfoodblandning,308,https://mattheosselections.com/el/product/naturbox-superfoodblandning,en | sv | el | x-default,not on https://www.mattheosselections.com | redirects (308)
https://mattheosselections.com/en/product/naturbox-kraftfull-honungsblandning,308,https://mattheosselections.com/en/product/naturbox-kraftfull-honungsblandning,en | sv | el | x-default,not on https://www.mattheosselections.com | redirects (308)
https://mattheosselections.com/sv/product/naturbox-kraftfull-honungsblandning,308,https://mattheosselections.com/sv/product/naturbox-kraftfull-honungsblandning,en | sv | el | x-default,not on https://www.mattheosselections.com | redirects (308)
https://mattheosselections.com/el/product/naturbox-kraftfull-honungsblandning,308,https://mattheosselections.com/el/product/naturbox-kraftfull-honungsblandning,en | sv | el | x-default,not on https://www.mattheosselections.com | redirects (308)
https://mattheosselections.com/en/product/naturbox-honung-och-propolis-mattheos-selections,308,https://mattheosselections.com/en/product/naturbox-honung-och-propolis-mattheos-selections,en | sv | el | x-default,not on https://www.mattheosselections.com | redirects (308)
https://mattheosselections.com/sv/product/naturbox-honung-och-propolis-mattheos-selections,308,https://mattheosselections.com/sv/product/naturbox-honung-och-propolis-mattheos-selections,en | sv | el | x-default,not on https://www.mattheosselections.com | redirects (308)
https://mattheosselections.com/el/product/naturbox-honung-och-propolis-mattheos-selections,308,https://mattheosselections.com/el/product/naturbox-honung-och-propolis-mattheos-selections,en | sv | el | x-default,not on https://www.mattheosselections.com | redirects (308)
